author,time_of_comment,subreddit,comment_post,comment_link,content,num_upvotes,num_downvotes,parent_comment,comment_length,controversial
da_chicken,1757951456,k12sysadmin,1nhoyg3,ned4qxg,"This is the first that I've heard of this incident. They don't seem to have sent any notices to us, and we're subscribed to just about everything.


Neat.",7,0,1nhoyg3,154,False
SuperfluousJuggler,1757951932,k12sysadmin,1nhoyg3,ned6ec4,"Same, we had to reach out, no email or official communication. We are also fully subscribed to all of them.",1,0,ned4qxg,107,False
Break2FixIT,1757978495,k12sysadmin,1nhoyg3,nefll0x,More details without a powerschool account?,2,0,1nhoyg3,43,False
SuperfluousJuggler,1758197149,k12sysadmin,1nhoyg3,nevg6nf,"Added it in, not enough communication going on about this. Too much is as stake for it to be ignored.",2,0,nefll0x,101,False
Break2FixIT,1758198712,k12sysadmin,1nhoyg3,nevkf8d,Appreciate it!,1,0,nevg6nf,14,False
PennStater,1758837720,k12sysadmin,1nqfbsy,ng7e13o,How do you check PSNI uptime?,1,0,1nqfbsy,29,False
das-,1758837913,k12sysadmin,1nqfbsy,ng7el6v,Confirmed - 72 days here.,4,0,1nqfbsy,25,False
linus_b3,1758837955,k12sysadmin,1nqfbsy,ng7epfx,"I was able to get to the event viewer in a roundabout way from the print dialog (which, admittedly, shows they should probably have a few more policies preventing running other apps) and found the Windows Update events.  They applied the September cumulative last weekend.",2,0,ng7e13o,272,False
PennStater,1758838545,k12sysadmin,1nqfbsy,ng7gcz1,"Ohh fun, thanks. Sounds like the type of stuff I used to do on the computers in high school to get around stuff 🤣",2,0,ng7epfx,113,False
linus_b3,1758838580,k12sysadmin,1nqfbsy,ng7gggr,That's consistent with what I'm seeing with others.  I greatly appreciate if it you can push the issue with them.  I'm one small district and I think getting them to change this is going to require power in numbers.,3,0,ng7el6v,215,False
sarge21,1758839376,k12sysadmin,1nqfbsy,ng7in8t,"System uptime can't be used to determine last patch, because hotpatches exist.",1,0,1nqfbsy,78,False
linus_b3,1758840428,k12sysadmin,1nqfbsy,ng7lhag,"They confirmed their delayed patching practices in writing.  

They also agreed to patch my instance sooner on multiple support tickets.  Every time, it has required a reboot.  They also stated they use BigFix to patch, which does not support hotpatching on Windows Server 2019.",6,0,ng7in8t,278,False
chickentenders54,1758850859,k12sysadmin,1nqfbsy,ng8eiw8,Wtf,1,0,1nqfbsy,3,False
KillerKellerjr,1758852636,k12sysadmin,1nqfbsy,ng8jdda,"Well our host is apparently doing reboots, so I'd sure hope they are applying patches. Uptime: 12 days, 19 hours, 43 minutes, 0 seconds",1,0,1nqfbsy,135,False
hightechcoord,1758898588,k12sysadmin,1nqfbsy,ngbem35,"29 days, 17 hours, 1 minute, 0 seconds",1,0,1nqfbsy,38,False
voojtek,1758902324,k12sysadmin,1nqfbsy,ngbrb4s,"||
||
|75 days, 10 hours, 32 minutes, 0 seconds|

We're switching to a different SIS next year, I'll be glad to be done with PowerSchool.",1,0,1nqfbsy,137,False
voojtek,1758902405,k12sysadmin,1nqfbsy,ngbrkff,"Uptime - 75 days, 10 hours.  We're moving to a new SIS next year.  I'll be glad to be done with PowerSchool.

||
||
||",2,0,1nqfbsy,118,False
voojtek,1758902459,k12sysadmin,1nqfbsy,ngbrqls,"Current uptime - 75 days, 10 hours.",1,0,1nqfbsy,35,False
bad_brown,1744152388,k12sysadmin,1jujgpv,mm487ft,"Why weren't even the most basic security controls important enough to implement before the breach?

Let's not forget a 1099 contractor low tier support person had no auth controls past un/pw, no controls for the connecting device, and full data access to every customer.

Despite logging being in place, no log analysis or security controls existed that might have seen, I don't know, a dump of every client database from a foreign VPS IP.

SISes are sticky. Heavy lift to move, contract-based engagements, and expensive. If I could move districts away from PS, I would have. If anyone out there is evaluating an SIS, keep looking.",6,0,1jujgpv,631,False
Digisticks,1744155499,k12sysadmin,1jujgpv,mm4heyw,Let's also not forget they didn't initially have a response and it took state heads of PowerSchool to get PS to do much of anything. I know our state PowerSchool person had to throw the weight of our multi-million dollar contract around to get them to do things. Colossal failure on the part of PS.,4,0,1jujgpv,298,False
J_de_Silentio,1744499404,k12sysadmin,1jujgpv,mmt7eap,"I hate podcasts (I know, I know), did the CIO of PowerSchool give any information regarding the reason for the event that we didn't know already?",1,0,1jujgpv,145,False
Grand_Introduction_4,1745445867,askTO,1i6j2jo,moopeu5,"At the beginning of the year the tdsb sends out start of year forms online. If you click off you do not give your child permission to use electronic devises and teaching tools they school must respect your wishes. This of course would not protect you from all of their important info getting out there but their school work ( google classroom, drive ect.....) would be non existent. Of course it would cause a hell of a headache for your child and the teacher because they would have to provide alternative learning...",1,0,1i6j2jo,518,False
its-iceman,1741044792,cybersecurity,1i2t4os,mfvb73l,"Totally agree. There's no way to frame this as ""aw shucks"" when you're dealing with millions of children's PII and something so simple to implement.",1,0,m7lqw5b,148,False
Researcher_Fantastic,1741501340,cybersecurity,1i2t4os,mgtav81,"This is terrifying, I got the email just now and I thought it was a joke.. I signed up for child monitoring and my 15 year old sons SSN is being used by some dude in Colorado!!!",1,0,1i2t4os,177,False
dooleyrd,1741574443,k12sysadmin,1iqh5s8,mgylq1r,"If you are a hosted customer, you can pretty much assume that any parent email attached to a student was notified.  If you are on-prem, someone had to install and run the plug-in, which would show you the data that they received.",1,0,md99dnz,229,False
AutoModerator,1741631110,pwnhub,1j85jwb,mh2c01r,"**Welcome to r/pwnhub – Your hub for hacking news, breach reports, and cyber mayhem.**  

Stay updated on **zero-days, exploits, hacker tools, and the latest cybersecurity drama**.  

Whether you’re **red team, blue team, or just here for the chaos**—dive in and stay ahead.  

Stay sharp. Stay secure.  

**[Subscribe and join us for daily posts!](https://www.reddit.com/r/pwnhub/)**


*I am a bot, and this action was performed automatically. Please [contact the moderators of this subreddit](/message/compose/?to=/r/pwnhub) if you have any questions or concerns.*",1,0,1j85jwb,566,False
AutoModerator,1741711273,pwnhub,1j8v5yz,mh89b3e,"**Welcome to r/pwnhub – Your hub for hacking news, breach reports, and cyber mayhem.**  

Stay updated on **zero-days, exploits, hacker tools, and the latest cybersecurity drama**.  

Whether you’re **red team, blue team, or just here for the chaos**—dive in and stay ahead.  

Stay sharp. Stay secure.  

**[Subscribe and join us for daily posts!](https://www.reddit.com/r/pwnhub/)**


*I am a bot, and this action was performed automatically. Please [contact the moderators of this subreddit](/message/compose/?to=/r/pwnhub) if you have any questions or concerns.*",1,0,1j8v5yz,566,False
Itzjunior256,1742593865,k12cybersecurity,1hxewgl,mj1rhps,"  CC CC 
    C un 
 I",1,0,1hxewgl,21,False
HackTheHackers,1738638579,k12sysadmin,1iah8vv,mauz3nh,I did using ClassLink. Elementary is a simple image they select after putting their password in and secondary is a 6 digit pin. This is my first year doing this and it’s worked great.,1,0,maa9yqg,183,False
theatreeducator,1738723317,Teachers,1ihzs0i,mb1fkfq,"I got it. I am listed as being mixed...but I don't think this has to do with trump and Latinos. 
Are you in SC?",1,0,1ihzs0i,111,False
Some_Topic_2653,1738723636,Teachers,1ihzs0i,mb1gje0,I am.,1,0,mb1fkfq,5,False
Girl77879,1738723710,Teachers,1ihzs0i,mb1grbi,I'm a parent- we got emails about the powerschool data breach a few weeks ago. The district reset everyone's password within the district and told parents to change theirs for their logins. We got 3 or 4 emails and a text about it.,1,0,1ihzs0i,231,False
theatreeducator,1738723777,Teachers,1ihzs0i,mb1gynk,"Me too. I just got my notice today but not through my work email. It came to my personal because that's the email I use for my child's PS account. Could it be related to being a parent in the district? To my knowledge,PS doesn't have any personal information of mine except for how it relates to my child.",1,0,mb1gje0,305,False
Some_Topic_2653,1738723811,Teachers,1ihzs0i,mb1h2c6,Did you receive an recent email from PowerSchool? Not the district but the company directly?,1,0,mb1grbi,92,False
AppealConsistent6749,1738727639,Teachers,1ihzs0i,mb1s8lu,I got it and I am ‘officially’ white and ‘literally’ very white almost translucent,1,0,1ihzs0i,82,False
Ashallond,1738728628,Teachers,1ihzs0i,mb1uvqz,We got one from our district saying we weren’t affected and that’s the last I’ve heard of it,1,0,1ihzs0i,92,False
SonorantPlosive,1738730317,Teachers,1ihzs0i,mb1z72d,We got it addressed to the whole district from our IT Assistant Superintendent (because being a director wasn't enough money). ,1,0,1ihzs0i,127,False
busyenglishteacher,1738738651,Teachers,1ihzs0i,mb2h10k,One of the affected… i’m not sure if it has anything to do with race (asian here).,1,0,1ihzs0i,82,False
somsta1,1738738832,Teachers,1ihzs0i,mb2hcti,Me too.,2,0,mb1s8lu,7,False
pile_o_puppies,1738772328,Teachers,1ihzs0i,mb4ks9z,"Got an email from PowerSchool as an employee and my town school as a parent. Same generic email everyone else got.

You're reaching.",1,0,1ihzs0i,132,False
Girl77879,1738773645,Teachers,1ihzs0i,mb4ph7r,"No, actually-- I did not. I just double checked.",1,0,mb1h2c6,48,False
KevinDamage,1739161617,newfoundland,1icbzl2,mbyr84z,No they don't lol,1,0,m9ty887,17,False
happyghosst,1739624046,cybersecurity,1i2t4os,mcw6z5y,this is so messed up. my kid is 6 years old. wth,1,0,1i2t4os,48,False
LoveTechHateTech,1739670462,k12sysadmin,1iqh5s8,md04won,"I got one of the emails to my work email address, but not my personal one yet (which is in PS for the town I live in that uses PowerSchool).

It does read strangely and the from/reply-to address does look off, but csid[.]com forwards to Experian, which is handling the identity protection. Sure, anyone could buy a domain and forward the A record to do that, so take it for whatever it’s worth.",3,0,1iqh5s8,394,False
das-,1739670735,k12sysadmin,1iqh5s8,md05pac,I believe csid.com is registered to Experian. It is probably the next phase starting where victims will be contacted by Experian to start the credit montioring.,5,0,1iqh5s8,160,False
zumaro,1739674444,k12sysadmin,1iqh5s8,md0frns,"Thanks everyone - looks like this is another mistake for international customers, this time from Experian…. What an ongoing cf",2,0,1iqh5s8,126,False
bad_brown,1739674754,k12sysadmin,1iqh5s8,md0glfg,PS sending emails 'on our behalf' over a month after we already communicated (on the Jan 7th evening initially and again 4 days later with full details) isn't helpful. It's a pain in the ass and is going to create more confusion.,2,0,1iqh5s8,229,False
zumaro,1739675451,k12sysadmin,1iqh5s8,md0ihdv,"Its a true pain - I think it may have only gone to about a 1/3 of our teaching staff, as parents have not started complaining in droves yet",2,0,md0glfg,139,False
Digisticks,1739682562,k12sysadmin,1iqh5s8,md0zv4w,"I want to think my state association sent an email out the other day about PowerSchool changing the domain to add the 1 in there. It looked kind of spammy before this, but PS had the information posted on a Q and A page that was being sent out.",5,0,1iqh5s8,244,False
LyokoMan95,1739706214,k12sysadmin,1iqh5s8,md24wfd,"The Whois info shows it is owned by Consumerinfo.com, Inc. which has its privacy policy (along with the separate CSID policy) on the main Experian website: https://www.experian.com/privacy/consumer-info-policy",3,0,md04won,209,False
philr79,1739804774,k12sysadmin,1iqh5s8,md99dnz,"So, our district was supposedly NOT affected by the breach and given the attack vectors sending outbound to a foreign IP address, our systems would have blocked that all day long.  What are you telling parents?  Is there a way for a district to know WHO received these e-mails?",1,0,1iqh5s8,277,False
BrewYork,1739828204,k12sysadmin,1iqh5s8,mdbk1ac,"These guys are such assholes and they're making my life so difficult.

  
Frankly, credit monitoring and identity theft protection is all bullshit anyway.  I've been telling everyone to do free credit freezes with all three agencies.",1,0,1iqh5s8,233,False
Daraca,1740007207,k12sysadmin,1itikdo,mdph84l,"Phew! Lots to digest here but I totally can relate to the frustrations here.

So, a lot of your core issues are procedural, and especially in small environments procedures are virtually non existent and it’s a long road to get them setup with some gnashing of teeth the whole way.


Let’s start with “what is everyone else doing”

Well, I’ve seen it lots of ways. But in my experience the SIS being owned by a specific department dedicated to SIS data, enrollments, state compliance, scheduling, and all of the course hoopla to go along with it works best. There is a whole discipline dedicated to making that work smoothly that I can promise you the IT department wants nothing to do with.

Now, that being said IT absolutely should be involved in setting up procedure for secure data transfers, account lifecycles, and should collaborate with them on how to setup secure permissions.

Ideally you have a dedicated security team dedicated to auditing and creating policies here.


Now, what about other SIS vendors?

So, there are hundreds of SIS vendors and I wish I could tell you one is the “golden” solution, but they all have their own unique troubles.


PowerSchool, Skyward, Ascender, and Infinite Campus are the big dogs here, but like I said there are a ton of smaller companies that may have their benefits.


Veracross is one of those smaller companies and in my experience is larger overseas, but is strategically targeting smaller schools stateside. They are in the middle of upgrading their connection standards and it’s presenting some minor challenges and vendors adapt. I don’t have any first hand experience with them however to speak on their user experience but I have heard some mixed opinions about it. (Though I’ve never heard someone not complain about their SIS to be fair)




Now to your total audit, I’m sure there is someone who’s willing to take your money, but I’ll go ahead and tell you what they will do.

They will likely do some network auditing to find what servers and services you are using, and then they will go to everyone and every department to ask what they are using and why, then generate reports after potentially having conversations with the vendors.

Meanwhile they will likely reach resistance from the locals because it’s scary to have a contractor asking you questions about your job responsibilities.

Maybe you’ll need an external party for this afterall, but it’s very expensive. And if you can find the time, you and everyone else will find a lot of value in you doing this sort of audit to understand your clientele better and have resources at hand for when they need help.



You’re doing a great job here in trying to gather information to make improvements, but I wouldn’t jump into anything here too hastily as it’s only a recipe for more stress. Do your homework and have a plan of action that you can invite others to collaborate with.


As far as data retention, a traditional SIS is by design going to keep historical records, it’s very commonly needed for state reporting and is kind of a core tenant of the software.",1,0,1itikdo,3086,False
combobulated,1740010116,k12sysadmin,1itikdo,mdpqffs,"Appreciate the reply!

>Now, that being said IT absolutely should be involved in setting up procedure for secure data transfers, account lifecycles, and should collaborate with them on how to setup secure permissions.

>Ideally you have a dedicated security team dedicated to auditing and creating policies here.

The last point is going is going to be a problem with 95% of smaller schools/districts.  There simply *isn't* a dedicated anything - especially security team.  Everyone wears many hats.  Hence the school secretary (now known as Administrative Assistance) being put in charge of Powerschool in the first place.  

I totally get IT *needing* to be involved for certain aspects.  And perhaps I'm just venting here - but that's where the cracks start to show.  To really set a secure tenant up, it would involve having a bit more in depth understanding of the underlaying technology, platform and how it all works in our environment.  And with something as potentially clunky and complex as Powerschool, that's no small task.  But it also sets a different precedence : If that's the expectation (IT will design, configure, implement, enforce, and audit data security for any and all software platforms, then we'd also be on the hook for doing that for every other department.  And I don't think it's realistic or practical to think I'm going to become a security expert in our accounting platform, food service platform, facilities platform, educational platforms, marketing platforms, and so on.  And we're right back to ""have a dedicated pro""... At best, I can make a case for a new hire position...  

But I also appreciate it's not likely realistic to expect the primary users of any of those platforms to also become security experts for their respective platforms either.  And so here we are.

>So, there are hundreds of SIS vendors and I wish I could tell you one is the “golden” solution, but they all have their own unique troubles.

PowerSchool, Skyward, Ascender, and Infinite Campus are the big dogs here, but like I said there are a ton of smaller companies that may have their benefits.

Oh, for sure. I'm absolutely aware that they all have their pros and cons.  And, like you, I've never heard anyone say they love theirs.

>Veracross is one of those smaller companies and in my experience is larger overseas, but is strategically targeting smaller schools stateside. They are in the middle of upgrading their connection standards and it’s presenting some minor challenges and vendors adapt. I don’t have any first hand experience with them however to speak on their user experience but I have heard some mixed opinions about it. (Though I’ve never heard someone not complain about their SIS to be fair)

Thanks for the info!

>They will likely do some network auditing to find what servers and services you are using, and then they will go to everyone and every department to ask what they are using and why, then generate reports after potentially having conversations with the vendors.

And therein lies the issue.  I'm less concerned about our on premise server security (but acknowledge there's still potential data issues) so really it's just the cloud ones I'm addressing here.  And how does one even begin this?  Yes, I can simply ask each department head what software they use. And they may know that answer.  But what about the last software they used?  Is our data still sitting around on some other platform?  What about whatever software some past employee signed up for but we've since stopped using? 

>As far as data retention, a traditional SIS is by design going to keep historical records, it’s very commonly needed for state reporting and is kind of a core tenant of the software.

Oh, yeah. For sure a consideration - we're certainly legally required to retain *certain* records for a certain period of time.  But in this case, our SiS isn't one of them (for staff).  And the data we do need for students is significantly less than the data we actively hold on to.  HR software will do the staff/hire legal retention. Enrollment and whatever else is needed for students is yet another data bucket to save.  But the rest should be kept to a bare minimum (lest it's all leaked when a vendor is breached...)

Appreciate the vote of confidence and I'm certainly trying to pace myself - but of course I have a board and higher-ups looking for answers, action, and someone to lead us in the right direction (while explaining why we weren't already going in that direction...)",1,0,mdph84l,4517,False
k12-tech,1740010921,k12sysadmin,1itikdo,mdpszg4,"PowerSchool is 100% Technology responsibility. Sure, we have clerical that enters attendance, does schedules, etc; but everything is under the control of the technology department. 

If they need support, it comes from us. If they need training, it comes from us. 

We control all users, and limit access as much as possible. There are only two people with SysAdmin roles - everyone else is limited to their needs. 

Teachers see grades, attendance, and contract info. Clerical staff doesn’t have access to grades (except the registrar). Nurses have access to medical and contact info, but not grades, etc.

Every security group is controlled as strictly as we can. 

Join the PSUG group, and read the archives. You’ll learn a lot! Like anything in tech, you have to use it to understand all the unique issues. 

Every SIS is terrible. lol. They all have their issues. PowerSchool is actually one of the better evils. I previously used SkywardSMS and will take PowerSchool any day! I’ve heard great things about InfiniteCampus too, but have never used that one personally.",3,0,1itikdo,1072,False
orphantech,1740019979,k12sysadmin,1itikdo,mdqk2r0,"Simply put, in education, the IT director/equivalent is typically considered the data steward.  Meaning, like it or not, it may not have been your bag of crap until now, but it is now.

You can't fix what you didn't know should have been your issue, BUT you can develope a plan to fix it moving forward.

You can purchase Key to Ownership training directly from PowerSchool, or pay for specific training.

Now, that said, seek the powerschool user's group - https://groups.io/g/PSUG

There is a national/regional PSUG training you can check into -  https://easyregpro.com/psugevents
Cheaper to attend than the official training.

And powerschool's PowerSchool University - https://psu.powerschool.com/

Mass change fields like SSN to clear unless your state requires it for some reason. You'll want to search all records.

Just tackle it one issue at a time.",3,0,1itikdo,858,False
combobulated,1740030726,k12sysadmin,1itikdo,mdrazap,"Thanks.
That's definitely the plan.",1,0,mdqk2r0,35,False
lifeisaparody,1740056492,k12sysadmin,1itikdo,mdsml14,"IT should be responsible for the systems (maintaining, security etc), but users/depts should be responsible for the data (creating, verifying, removing etc). IT is the data steward, but depts/users are the data owners - they decide who the data should be shared with, not IT. IT just executes.

There should also be admin-approved policies and procedures that ensure data integrity and confidentiality are being addressed. 

Yes, PS has no ability to remove data, but you can zero values out by overwriting them (this is still a problem because your local storage will just continue to grow over time). 

You can't really do proper Data Retention on it, and forcing users to download CSVs just leaves copies of PII on workstations which conflicts with the principle of data minimization. You can schedule the archiving/wiping to be done in summer after the SY ends and before the new one starts.

Some schools have a PowerSchool Administrator position that does all the reports generation and data manipulation and even customization.

I see the word 'audit' thrown around a lot, but it means different things to different people - i've even seen a consultancy say they do a non-technical audit (which means they just look at your policies and procedures). in my own opinion, an audit is a formal attestation against a standard - like ISO 27001. Technically even NIST CSF is not an audit standard.

What you want is likely a Security Assessment, but you need to define the scope. It doesn't have to be an assessment of everything - you can break it up - patch management, cloud security posture, identity and access/permissions management, vulnerability management etc.

Schools should be doing this already, given the kind of data they have access to. Unfortunately no one really cares until something bad happens.",2,0,1itikdo,1815,False
lifeisaparody,1740057216,k12sysadmin,1itikdo,mdsogx1,"I agree schools *should* have a security team, but to be brutally honest, most of them don't care or don't want one. Even if the school has an IT director who understands cybersecurity, they typically chafe against bringing in someone who might point out what they could do better.

Most of the time admin and boards don't really care or don't know - they think Security is part of IT's job, but in more mature industries its recognized as separate because its a conflict of interest to put them together. Half the time admin/board have trouble even using technology effectively, so don't expect your ask for a new hire to be fulfilled :)

>And therein lies the issue. I'm less concerned about our on premise server security (but acknowledge there's still potential data issues) so really it's just the cloud ones I'm addressing here. And how does one even begin this? Yes, I can simply ask each department head what software they use. And they may know that answer. But what about the last software they used? Is our data still sitting around on some other platform? What about whatever software some past employee signed up for but we've since stopped using?

Your Finance dept might be able to help you (for paid apps). Your GWS/M365 admin console should be able to show you which 3rd party apps are being used with your cloud accounts. Data given to third-party vendors is a problem, and should be considered prior to signing up with them. Take a look at their data retention or privacy policy. For vendors you off-board, ask for proof of deletion. You should also have tighter controls over what software is being used/added by working with Finance (for procurement) or principals or Tech Coordinators.",1,0,mdpqffs,1707,False
Road_Trail_Roll,1740059096,k12sysadmin,1itikdo,mdstkxf,"I’m sure others have already started this but start with your state PS user group for help. PS hadn’t been helpful at all , in fact, our legal advisor believes they are intentionally stone walling to avoid further liability. 

If you don’t have a good state group, look up Marcia Brenner Associates(MBA). They’re not cheap but their training is typically very good. They’re primarily sale plugins for PS but they also have a robust training network. 

Past experience, if the “higher ups” are looking for someone to blame it’s because they screwed up and don’t want to be left holding the bag. Do you report to a director or assistant superintendent? They should have caught that no one was involved in data security. I have a PS admin that works for me but she’s not responsible for data security. She’s responsible for making sure our data is accurate and that state and federal reports are done correctly and delivered on time.",1,0,1itikdo,930,False
3100gutter,1740059692,k12sysadmin,1itikdo,mdsvals,"For a better source of PS info, I'd check out the PowerSchool User Group (PSUG). I believe there's regional groups, and even without meeting physically they have group.io message boards you can join. It's full of people that ACTUALLY use PS, I've found they're way more helpful than reaching out to PS for 95% of topics.",1,0,1itikdo,320,False
vawlk,1740061537,k12sysadmin,1itikdo,mdt0s2o,"We have PS self-hosted and were part of the breach as well (it had nothing to do with where it was hosted). We have a department of people who manage the student information systems. The IT department is responsible for the server hardware, firewall rules, and system/app updates.

The delineation is like most of our systems. We manage the physical system, another department manages the application.

Now the SIS department is supervised by the IT director but they essentially operate as two separate departments.",1,0,1itikdo,516,False
GeneMoody-Action1,1740068313,k12sysadmin,1itikdo,mdtnszy,"This\^\^  10,000% This\^\^

>IT should be responsible for the systems (maintaining, security etc), but users/depts should be responsible for the data (creating, verifying, removing etc). IT is the data steward, but depts/users are the data owners - they decide who the data should be shared with, not IT. IT just executes.



I use it all the time ""Admin does not have all the power, we just give the power to the people that do.""

Man... at a former employer, they had an enormous IT infrastructure for their size when I started, like their ***server*** to ***employee*** ratio was roughly \~30%

Decades of accumulated files (NonProfit, ran for many years on volunteer level pay for IT help, not real IT support)

3.5tb of shared file data, mapped drives all over it over time causing long path issues trying to clean up, folder named things like ""Delete after <some date 10y ago>"" still in daily use, 20+ different types of scanners used over time, thousands of single page documents scanned to PDF at 10+ MB per because they were scanned photo quality, thousands of dumped pic/vids shot at insane resolution on years of evolving smart phones, copies of copies of copies.. Unlimited personal use essentially, sensitive data from company to employe information (scans of peoples passports/dl, their mortgage applications, divorce cases, some of those pics and vids dumped form phones were um interesting?)  etc  .... you get it...

Took a few years because it was like changing a tablecloth without disturbing the diners. A few years later I had compressed their 4 virtual hosts into half of one for production, and a second for offsite replication/DR. Merged years old snapshots, hole-punched, and shrank the vm server footprint by about 8tb. Increased their backup retention by years, and got that shared file system down to \~700m

I preached statement that above for a LONG time, that users were the subject matter experts, no one in IT could possibly know what it all was, what to do with it, relevance, IT should not really even have access to some of it to eval!

Nope, it was an IT problem, no one else ""had time to deal with technical stuff""

Eventually just started a mirrored file system of all documents/directories changed in the last 365 days, archived the rest and said ""if you find you are missing something we will restore it. Those fires went out in the first few weeks, then compressed all the media / files, (pics, pdf, converted all vid to h265 mp4, etc) But it literally took years of winning small battles to get it done, by ""IT""",3,0,mdsml14,2554,False
lifeisaparody,1740069273,k12sysadmin,1itikdo,mdtr8yd,"If you have the budget for it, look into a CASB for your cloud security. Both Microsoft and Google have them, but they are not cheap.",1,0,mdsogx1,133,False
combobulated,1740069634,k12sysadmin,1itikdo,mdtsjrb,"Do you have documents on how they are handling data retention, audits, and related PII within Powerschool?",1,0,mdt0s2o,106,False
combobulated,1740069664,k12sysadmin,1itikdo,mdtsnjx,"Thanks, I'm looking into it now.

Many, many years ago I was part of the group.  But having not been involved with PS, it's been a while.",1,0,mdsvals,137,False
combobulated,1740069825,k12sysadmin,1itikdo,mdtt8pq,"Thanks.

I'm revisiting the PSUG.  

We've worked with MBA in the past - they used to host annual conferences nearby, but it looks like they stopped offering support and those conferences a few years ago.

>I have a PS admin that works for me but she’s not responsible for data security. She’s responsible for making sure our data is accurate and that state and federal reports are done correctly and delivered on time.

So who is handling these sort of things at your school?",1,0,mdstkxf,476,False
combobulated,1740070153,k12sysadmin,1itikdo,mdtufwp,"> Nope, it was an IT problem, no one else ""had time to deal with technical stuff""

I get where you are coming from and I get where they are coming from.

IT can't be expected to be experts on all software/platforms.

And regular staff can't be expected to be data/security experts.  They don't even ""know what they don't know.""

That's the gap I'm trying to fill.

The issue that I'm mostly seeing here in our environment is much less related to local infrastructure/on-prem servers and instead with 3rd party hosted platforms.  Which makes transparency more difficult and encourages silos.",1,0,mdtnszy,590,False
combobulated,1740070323,k12sysadmin,1itikdo,mdtv2an,"Thanks for your input!

Does your IT Department handle student enrollment as well as adding staff to PS?  


I'm jumping back into the PSUG (was mover a decade since I last did)

How is your IT Department handling data retention, auditing, and permission auditing in PS?  Sounds like you enter medical data too - how is that handled (after a student leaves)?",1,0,mdpszg4,358,False
combobulated,1740070630,k12sysadmin,1itikdo,mdtw6hf,"Thanks.

We do have some insight into things tied into our Google instance, but that's likely a small portion of overall platforms.",1,0,mdtr8yd,131,False
vawlk,1740071511,k12sysadmin,1itikdo,mdtzcjm,"they might, but that isn't my department. I have enough of that for my own systems. AFAIC, that is up to the team involved in entering the data in the system as I wouldn't have a clue what needs to be kept and what needs to be removed.",1,0,mdtsjrb,235,False
fergal-dude,1740077061,k12sysadmin,1itikdo,mdujrym,"I inherited a similar system from a tech director that had a 'caretaker' role in PS rather than a leadership role.  If one school needed something specific, he added it.  There was no effort to coordinate ANYTHING, ever...

First thing I did was go to PSUG conferences and dig in, two conferences a year.  Each time I brought back more info on security, roles, and everything in between.  Then I cut off everyone's access and built it up from the ground up, all the while learning what each person did and what they needed in PS.  

Along the way, you'll learn more about how it works and what you need to do.",1,0,1itikdo,609,False
combobulated,1740091207,k12sysadmin,1itikdo,mdvyh20,"Curious how you/your school differentiates this approach with Powerschool vs. every other department's platform(s).

In other words, it sounds like the proposed solution is ""become  the resident expert in the platform and take control of it"".  Does that also apply to the accounting department software? To facilities software? To food service? To marketing? To HR? To Family services? Each/any one of those like contains PII and someone currently playing ""caretaker"" with no effort to coordinate or view anything from a security perspective. 

I get it, but I'm not excited about the idea of approaching it from an arbitrary and  inconsistent approach to deciding what IT *should* be in charge of and what not.",1,0,mdujrym,711,False
combobulated,1740091369,k12sysadmin,1itikdo,mdvz0vu,"So in your case, the IT Department was excluded from any accountability in the breach or in any future response to things learned from the breach?

Where does your district draw the line? Is each piece of software/platform listed and assigned ownership/accountability - specifically  for things like data security/retention/audits, etc?  Who maintains/owns that list?",1,0,mdtzcjm,367,False
k12-tech,1740099013,k12sysadmin,1itikdo,mdwkuei,"We enter all staff. Students are added automatically during enrollment. We use PowerSchool Enrollment Express, so the entire registration process is inside of PowerSchool. 

Our state has long data retention laws - so we save everything forever. Student records and medical information are a 65 year retention…. So we never delete!",1,0,mdtv2an,331,False
aplarsen,1740100105,k12sysadmin,1itikdo,mdwnvn6,"When we implemented, it was in the tech department. The person in charge didn't do a very good job, and I ended up learning the system and finishing the implementation because someone needed to do it.

I did not have a background in tech, but I did have a background in data through my psychology degrees. I taught myself all of the coding needed to build our customizations. Again, because someone needed to do it.

Whose department it is doesn't really matter, but someone needs to own it. If your school is playing a giant game of alligator arms about who is in charge, then everyone loses.",2,0,1itikdo,593,False
Ok-Joke-5033,1740112109,newfoundland,1icbzl2,mdxn7nv,"I got an email only today that my information was compromised from the attack. I dont think it hit my school that bad because I dont know anyone that has their data leaked, well for now at least. I'm scared ngl.",1,0,1icbzl2,211,False
vawlk,1740149023,k12sysadmin,1itikdo,mdztqbc,"no, I wouldn't say that. I was the one that checked the logs and I turned off the settings that allowed their support accounts to access our data. But things like turning off the SSN field and other general security for the system is maintained by the other department.

For us, while the line is overlapping a bit, anything done inside of the app through the UI is the responsibility of the SIS department and the IT department is responsible for the security of the host server and the maintenance/support/backups of the platform.",1,0,mdvz0vu,532,False
fergal-dude,1740150430,k12sysadmin,1itikdo,mdzya7h,"I guess that depends what is expected of you.  I'm IT adjacent really, I'm a data manager but have been Tech coordinator and teacher on my way here.  SOMEONE needs to take ownership of PS who knows more than Martha at the front desk, it's just too important to not have someone with tech chops involved and no plan on where it's headed...",1,0,mdvyh20,338,False
ggillette-rcps,1740152550,k12sysadmin,1iqh5s8,me05kmg,"[https://www.saltwire.com/newfoundland-labrador/update-provided-on-cybersecurity-incident-in-powerschool-platform](https://www.saltwire.com/newfoundland-labrador/update-provided-on-cybersecurity-incident-in-powerschool-platform)

  
The article states: 

>The news release states that individuals affected by the cybersecurity incident are advised “that if you have received a notification from Ps-sis-incident@mail.csid.com, Ps-sis-incident@mail1.csid.com or Ps-sis-incident@mail2.csid.com titled “PowerSchool Cybersecurity Incident,” please be aware that it is an official email from PowerSchool.”

  
That statement is slightly inaccurate... the email is not from PowerSchool, it's from Experian Partner Solutions, the company that PowerSchool is paying to provide identity protection and credit monitoring services to individuals affected by the breach.

A few school districts have publicly posted about these emails:

[https://www.southingtonschools.org/district-departments/technology-department/powerschool-updates](https://www.southingtonschools.org/district-departments/technology-department/powerschool-updates)

[https://www.middletownschools.org/o/ses/article/2035640](https://www.middletownschools.org/o/ses/article/2035640)

I've already gotten emails and phone calls asking if these ""phishy-looking"" emails are legit.  I think PowerSchool should publicly post about the email addresses at [https://www.powerschool.com/security/sis-incident/notice-of-united-states-data-breach/](https://www.powerschool.com/security/sis-incident/notice-of-united-states-data-breach/) since parents and sysadmins alike agree the emails look phishy.  I recommend everyone email their PowerSchool reps with that concern.",1,0,1iqh5s8,1715,False
jakery43,1740228353,k12sysadmin,1ivbwjq,me5m0jz,"My thoughts: What a coincidence that this happens right after their acquisition by Bain Capital. Powerschool was fine for a long time, then shortly after their new ownership get the keys and surely starting to ""find efficiencies"", they are breached. 

Of course we don't know the full situation, but I suspect the security community will get wakeup call after wakeup call but still have to hand over the keys to some suits and some ""security guys"" they know who did it cheaper at the other companies they acquired. Without the transparency you'd get with a publicly owned company, they can do whatever sounds good at the moment.

I think stricter government regulations would be a great start, but I just don't think congress is really capable of doing a good job of it. It would be a tough law to write in the first place, and there's always pressure to get security for cheaper to pump up valuations when a breach probably won't happen under any given current leadership's watch. Also, congress would probably want to give the government a ""backdoor"" to the data anyway. For ""large moat"" b2b/b2g companies like this, I wouldn't be surprised to see them spend more on cyber insurance than they do on hardening their systems. After all, have you heard of a single school actually dumping PS and moving to a competitor after this? 

At the end of the day, Bain and other private equity companies have different (shorter term...) goals than a company like this should. The problem is structural: different incentives for leadership than people like you and I whose data was taken. Maybe I'm just a socialist, but I think the long-term solution  might be employee-owned companies where profits are shared and leadership is incentivized to see security as an investment rather than an expense. Since there won't be a majority of the stakeholders ""exiting"" at any one time, it always makes sense to do the right thing for the future.",0,0,1ivbwjq,1928,False
TheShootDawg,1740229065,k12sysadmin,1ivbwjq,me5nq9e,"I am guessing that your organization was not part of the breach, and you don’t have access to the info they provided at the start.   Or your higher ups have not provided you with all the info if your org is part of the breach.   (this is based on what your are guessing/theorizing at)

I don’t think encryption would have done much, if anything, since the data was extracted via an export process from within the application, a normal process that probably occurs daily in many organizations.
    Could that export process  have encryption on the exported data, possibly.   Would that mean 200 workstations need the encryption key to access that data, yes  (some orgs would need less, some more).",5,0,1ivbwjq,696,False
JibJabJake,1740230400,k12sysadmin,1ivbwjq,me5r5mn,I mean at the basic level they shouldn’t have had a maintenance account with full access with no MFA. Then how about having an alert for a script running to exfiltrate that amount of data?,9,0,1ivbwjq,188,False
TheShootDawg,1740234547,k12sysadmin,1ivbwjq,me62ruw,"you think the cause of the breach was not there BEFORE the acquisition?  
    June 2024 - acquisition announced
    October 2024 - acquisition completed
    December 2024 - breach occurred",2,0,me5m0jz,188,False
NorthernVenomFang,1740253672,k12sysadmin,1ivbwjq,me7vwb7,"PowerSchool is scrambling:
1) We still have not received the CrowdStrike report (was supposed to be to clients around Jan 17th, month later nothing). 

2). In Aug 2024 they stated that 23.12 was going to be supported until Aug 2025 and the new State Reporting (released Feb 18) requires 24.3 and fails on install inside of 23.12; only a note in the release notes about this, everywhere else it states 23.12 is still supported, including the State Reporting download page.  No email to tech contacts on account about this, found out this week while we where on break and had to do an emergency upgrade yesterday.

3) Maintenance account access enabled by default until the latest 24.3 released at the beginning of Feb 2025.

4) No MFA or location access policies to the ""maintenance account system"" until recently; how did these guys pass their insurance audits?   I can't even pass mine without this on my admin accounts.


It's a complete cluster f*CK; between the lawsuits, governments (States, Prov, USA, and Canada) looking at it;  I don't see them surviving as a company.",4,0,1ivbwjq,1076,False
aplarsen,1740259540,k12sysadmin,1ivbwjq,me8f89q,Yeah. That access vector has existed for a VERY long time.,1,0,me62ruw,58,False
linus_b3,1740263279,k12sysadmin,1ivbwjq,me8r92m,">4) No MFA or location access policies to the ""maintenance account system"" until recently; how did these guys pass their insurance audits? I can't even pass mine without this on my admin accounts.

They still don't have this.  They cut off access from the outside so their employees need to VPN in with MFA to get to it.  That isn't the same thing in my eyes since it won't help if someone is already inside their network.",2,0,me7vwb7,422,False
Express-Street7382,1740319562,newfoundland,1icbzl2,mecblhb,"The business I would for has been handling sensitive data from three provinces and a number of federal employees since 1996 without a single data breach. This is simply poor security standards and an outdated infrastructure. Powerschool already has a number of class action suites against it for data breaches in the USA. Our government should be doing more to force powerschool to implement more stringent security standards, like mandatory 2 factor authentication for all users/teachers, if they want to keep the contract.",1,0,1icbzl2,524,False
jakery43,1740363643,k12sysadmin,1ivbwjq,meg99on,"We'll never know fan sure, but yes, I think it's very likely. Private equity isn't exactly known for making cost cutting charges once they get control.",1,0,me62ruw,151,False
MattAdmin444,1740416990,k12sysadmin,1ivbwjq,mejpast,That was /s right? It seems a common trend for private equity to cut corners as much as they can to maximize their profits while they suck their latest acquisition dry. Granted in this instance its unlikely any initial cuts were the cause and the issue existed before the acquisition.,1,0,meg99on,284,False
jakery43,1740421563,k12sysadmin,1ivbwjq,mek5pvf,Sounds like we agree that all we can do is guess.,1,0,mejpast,49,False
TheJawsman,1740611265,Teachers,1iz108m,mez3kvd,"It happened to our district in Western NY as well, but I haven't received any notification that I was affected personally. Will also be watching this closely.",1,0,1iz108m,158,False
Doodlebug510,1740611325,Teachers,1iz108m,mez3rom,"Make sure the email is legitimate first (it could be spoofed).

It could be a scam. 

The two ""free"" years may require a credit card, or they may try to get you to extend to a longer (or even lifelong) term for a small payment. 

Then they have your credit card.

r/scams might know more.",3,0,1iz108m,288,False
Sniper_Brosef,1740612812,Teachers,1iz108m,mez8dgt,Screenshot of the email?,1,0,1iz108m,24,False
Vast_Equal8,1740618311,Teachers,1iz108m,mezp8fe,They explicitly said it doesn't require a credit card and looks very legit,1,0,mez3rom,74,False
Doodlebug510,1740619393,Teachers,1iz108m,mezsjgg,Ok,1,0,mezp8fe,2,False
macaroni_monster,1740622330,Teachers,1iz108m,mf01do4,It’s best to assume that bad actors have always had and will always have your SSN and other sensitive info like your name and address. If it’s not power school it’s another institution or business. Lock down your credit. Use unique passwords and 2FA. My info was stolen from the government ten years ago along with millions of other Americans. It is expected at this point.,1,0,1iz108m,373,False
Inevitable_Escape582,1740633919,Teachers,1iz108m,mf0vooz,"Happened to my school. One month later district was hit by a ransomware. Watch your emails closely. If your work computer syncs to the cloud, turn that off. If you’re not in the habit of shutting down your computer every day, now would be a good time to do so. 
Good luck, I hope you don’t get in that nasty situation.",1,0,1iz108m,318,False
JustGiveMeA_Name_,1740656228,Teachers,1iz108m,mf1yku8,Happened to me. PowerSchool legit got hacked,1,0,mez3rom,44,False
07C9,1762548143,k12sysadmin,1nqfbsy,nnnplex,"We were seeing a delay in PowerSchool patching even before this post. Brought it up with them and they were supposedly going to do better.

A few weeks ago, PowerSchool emailed us that they couldn't update the Servers because automatic updates were turned off or something.

We dug into it deep (procmon) and found that their N-Able RMM agent (PME.Agent.exe) is setting this reg key `PauseFeatureUpdatesStartTime` to pause updates. Why on earth is their RMM agent pausing updates? Leading them to then tell us they can't run updates!?

I knew their endpoint was asleep at the wheel when I saw various apps they use not getting patched even though N-Able is fully capable of doing so (Wireshark, etc) so we took matters into our own hands there.

We're about to go ballistic over this. Check to make sure updates aren't paused on your PowerSchool Servers, look at this reg key: `PauseFeatureUpdatesStartTime`",1,0,1nqfbsy,907,False
Material-Scale4575,1764281367,edtech,1p8e96l,nr4g43x,Here's a link to the story that doesn't require an email address: [https://www.k12dive.com/news/powerschool-hacker-sentencing-lessons-learned-data-breach/803053/](https://www.k12dive.com/news/powerschool-hacker-sentencing-lessons-learned-data-breach/803053/),13,0,1p8e96l,258,False
mybrotherhasabbgun,1764282609,edtech,1p8e96l,nr4jftz,"This happened a year ago. If schools don't start figuring out cyber security (and the process for holding 3rd party vendors accountable), then there isn't much hope. Put pressure on your local school board. Start asking questions. Do they require student data privacy agreements? Do they follow a cyber security framework? Do they have a controls register? I would wager 90% of schools can't answer yes to all three of those questions.",5,0,1p8e96l,435,False
Void-kun,1764282780,edtech,1p8e96l,nr4jvtz,"Complain to your government and vote in better people that actually care about your individual rights and privacy. 

Stricter regulations and larger fines for data breaches.

Forces companies to take security more seriously.",21,0,1p8e96l,224,False
antilochus79,1764283005,edtech,1p8e96l,nr4khi7,"1. This happened almost a year ago; you been under a rock?

2. The incursion was the result of a PowerSchool back-end support tool being exploited from a compromised internal PowerSchool support employee. Schools and governments had nothing to do with it. It was the failure of the vendor; PowerSchool.

3. These systems are far too large and complex to undergo migrations to new systems easily. Most modern student information systems are highly integrated with other tools and systems, with questionable data exchanges connecting them. The amount of money and manpower to switch to another student information system is immense.",17,0,1p8e96l,630,False
Thediciplematt,1764284965,edtech,1p8e96l,nr4pj0r,"Dude, you should be more outrageous than all of our personal data got leaked back in 2019 from Experian, and literally nothing happened. No punishment, no change of laws nothing just all of our private data, likely the stuff that you’re worried about getting stolen, got stolen many years ago.",10,0,1p8e96l,293,False
Robbbbbbbbb,1764288325,edtech,1p8e96l,nr4xw3m,"The problem is that FERPA doesn't have teeth. There's no effective federal regulation to safeguard your student's data. And with poor funding, schools don't take cybersecurity seriously.

There's a lack of talent, funding, and regulation in K-12. You don't get the funding without regulation, and you don't get the talent without the funding.

Please complain to your representatives about this. It's the only way to get it to improve.",2,0,1p8e96l,435,False
wsucoug83,1764290170,edtech,1p8e96l,nr52lq9,"Frankly my dear, the government does not give a damn.    The tech bros own DC, so there will be no accountability or regulations until after the 2028 elections.",1,0,1p8e96l,160,False
lifeisaparody,1764291593,edtech,1p8e96l,nr5689m,"Education, unlike Healthcare and Finance, is an industry that isn't regulated. As such, the security requirements of products aren't very stringent.",1,0,1p8e96l,148,False
CisIowa,1764293346,edtech,1p8e96l,nr5ahhu,Doing the good work with that. Thanks!,4,0,nr4g43x,38,False
grendelt,1764294935,edtech,1p8e96l,nr5ebnh,"Yeah. OP's link directly to the subscribe page of some unknown ""newsletter""? Seems fishy.",3,0,nr5ahhu,89,False
More_Passenger3988,1764297833,edtech,1p8e96l,nr5lmfb,"Trust them?  Dude, even the government sells your social security number and medical info to private companies!",0,0,1p8e96l,111,False
Optimistiqueone,1764305222,edtech,1p8e96l,nr639b6,"I just didn't give it to the school or anyone. I leave the field blank. Locked in a safe until they need it. 

I also don't fill in that field on paperwork at medical office either.",2,0,nr5lmfb,181,False
illini02,1764336952,edtech,1p8e96l,nr7qolw,"I guess I'm not understanding your anger at this.  There have been far worse hacks than powerschool. 

There isn't really all that much super private info there. 

But as someone else mentioned Experian was far worse.  Similarly, hospitals get hacked probably much more often than you'd think.

So Powerschool getting hacked, while not ideal, isn't really doing that much damage",1,0,1p8e96l,378,False
AutoModerator,1760196689,pwnhub,1o3yki6,niyc9xs,"**Welcome to r/pwnhub – Your hub for hacking news, breach reports, and cyber mayhem.**  

Stay updated on **zero-days, exploits, hacker tools, and the latest cybersecurity drama**.  

Whether you’re **red team, blue team, or just here for the chaos**—dive in and stay ahead.  

Stay sharp. Stay secure.  

**[Subscribe and join us for daily posts!](https://www.reddit.com/r/pwnhub/)**


*I am a bot, and this action was performed automatically. Please [contact the moderators of this subreddit](/message/compose/?to=/r/pwnhub) if you have any questions or concerns.*",1,0,1o3yki6,566,False
AutoModerator,1760635263,pwnhub,1o8caq5,njttkuy,"**Welcome to r/pwnhub – Your hub for hacking news, breach reports, and cyber mayhem.**  

Stay updated on **zero-days, exploits, hacker tools, and the latest cybersecurity drama**.  

Whether you’re **red team, blue team, or just here for the chaos**—dive in and stay ahead.  

Stay sharp. Stay secure.  

**[Subscribe and join us for daily posts!](https://www.reddit.com/r/pwnhub/)**


*I am a bot, and this action was performed automatically. Please [contact the moderators of this subreddit](/message/compose/?to=/r/pwnhub) if you have any questions or concerns.*",1,0,1o8caq5,566,False
sarge21,1736283073,k12sysadmin,1hw1m3x,m5xo9n5,"The maintenance user shows up as 200A0 in the ps-log-audit files.
 
You can correlate audit log access with mass-data exports by time in the mass-data logs.",17,0,1hw1m3x,156,False
Hazy_Arc,1736283154,k12sysadmin,1hw1m3x,m5xok1w,"We just received the notification (as did a bunch of random other people in our district who have no connection to PowerSchool), so I've been fielding those calls.  Infuriating.",7,0,1hw1m3x,177,False
Chuckfromis,1736283304,k12sysadmin,1hw1m3x,m5xp32g,"I'm wondering if it's all/mostly hosted, or if locally hosted were targets as well",4,0,m5xok1w,82,False
Hazy_Arc,1736283759,k12sysadmin,1hw1m3x,m5xqp2u,"We're hosted - so I'd imagine it likely just affects hosted districts.  If it affects on-prem as well, PowerSchool has an even bigger problem on their hands.",3,0,m5xp32g,157,False
Chuckfromis,1736283817,k12sysadmin,1hw1m3x,m5xqw95,W - O - W ..... that's fun... I'm guessing the breach notifications are going to be crazy.,10,0,m5xo9n5,90,False
gigthebyte,1736283953,k12sysadmin,1hw1n69,m5xrd1d,"Yup! Coworker signed up for the webinar and got the following reply:
>This a friendly reminder that the webinar **PowerSchool Cybersecurity Incident** begins tomorrow. It's going to be a great one, and we're excited to see you there!",12,0,1hw1n69,233,False
TechxNinja,1736284072,k12sysadmin,1hw1m3x,m5xrrtj,"Locally hosted checking in. 

We got the ""breach affected"" letter.",9,0,m5xqp2u,66,False
combobulated,1736284074,k12sysadmin,1hw1m3x,m5xrryv,"Yeah, we got the email too. (Also sent to at least 3 other people in our school, not just IT or ""Tech department"")




The email is lengthy and a bit of corporate word salad.


It states :

>We can confirm that the information accessed belongs to certain SIS customers and relates to families and educators, including those from your organization. The unauthorized access point was isolated to our PowerSource portal

So I'm thinking ""Ok, well PowerSource is different that PowerSchool, right? So perhaps this isn't that big of a deal.  It sounds like they are downplaying the impact.   But then...

>  As the PowerSource portal only permits access to the SIS database, we can confirm no other PowerSchool products were affected as a result of this incident.

Oh, ""Don't worry, the data accessed was *only* the  CORE DATABASE TO YOUR ENTIRE STUDENT INFORMATION SYSTEM....

>




It spends 4-5 paragraphs explaining the general incident (while specifically saying that specifically *OUR* data was accessed.) 

And then in the last paragraph it says

>""Again, although your product was not impacted, we wanted to assure you that we are addressing the situation in an organized and thorough manner following all of our incident response protocols. ""


>Rest assured, we have taken all appropriate steps to prevent the data involved from further unauthorized access or misuse. We do not anticipate the data being shared or made public, and we believe it has been deleted without any further replication or dissemination.

I'm curious how they can possibly know/control what happened/may happen with stolen data.


>PowerSchool is committed to working diligently with customers to communicate with your educators, families, and other stakeholders. We are equipped to conduct a thorough notification process to all impacted individuals. Over the coming weeks, we ask for your patience and collaboration as we work through the details of this notification process.

>In the coming days, we will provide you with a communications package to support you in engaging with families, teachers and other stakeholders about this incident. The communications package will include tailored outreach emails, talking points, and a robust FAQ so that district and school leadership can confidently discuss this incident with your community.


There's some webinar  they are doing in the next couple days - but I don't expect it'll be of much value..

A data hosting company had its data compromised and your customers (and you) are now exposed.",11,0,1hw1m3x,2525,False
vawlk,1736284096,k12sysadmin,1hw1m3x,m5xrup4,I received the email and we host our own server....,6,0,m5xp32g,51,False
gigthebyte,1736284426,k12sysadmin,1hw1m3x,m5xt0hm,"A coworker signed up for the webinar and got the following reply:
>This a friendly reminder that the webinar **PowerSchool Cybersecurity Incident** begins tomorrow. It's going to be a great one, and we're excited to see you there!

I'm genuinely laughing. Oh well.",35,0,1hw1m3x,264,False
Hazy_Arc,1736284507,k12sysadmin,1hw1m3x,m5xtamv,"Oof. If you guys were truly impacted, that makes me believe PS support has ways of accessing your data even without being hosted.",6,0,m5xrrtj,129,False
TechxNinja,1736284683,k12sysadmin,1hw1m3x,m5xtx31,"Yes, that's the general consensus on the PSUG forum thread. 
I'm waiting to hear what people who are better at digging through audit logs come back with.",7,0,m5xtamv,153,False
zumaro,1736284692,k12sysadmin,1hw1n69,m5xtycb,"I did, and it is a very unreassuring email. Already shared with the school admin...",6,0,1hw1n69,83,False
Chuckfromis,1736284857,k12sysadmin,1hw1m3x,m5xujfz,It would not surprise me to find the maintenance user credentials are built in to all PowerSchool installs,7,0,m5xtamv,106,False
slugshead,1736285193,k12sysadmin,1hw1m3x,m5xvpj3,Is there anything in any media outlet about this?,10,0,1hw1m3x,49,False
sarge21,1736285195,k12sysadmin,1hw1m3x,m5xvppr,"Pasting this here:

The maintenance user shows up as 200A0 in the ps-log-audit files.

You can correlate audit log access with mass-data exports by time in the mass-data logs.",9,0,m5xtx31,175,False
Hazy_Arc,1736285299,k12sysadmin,1hw1m3x,m5xw2w6,"The FAQ listed in the email has this gem:

>5. What steps have you taken to confirm that the data in question has since been deleted in its 

>entirety?

>Given the sensitive nature of our investigation, we are unable to provide information on certain specifics.

>However, we have taken all appropriate steps to prevent the data involved from further unauthorized 

>access or misuse. We do not anticipate the data being shared or made public, and we believe it has been 

>deleted without any further replication or dissemination. 

>Ropes: We have a video confirming deletion and are actively searching the dark web to confirm. 

>PowerSchool: PowerSchool engaged the services of CyberSteward, a professional advisor with deep 

>experience in negotiating with threat actors. With their guidance, PowerSchool has received reasonable 

>assurances from the threat actor that the data has been deleted and that no additional copies exist.",28,0,1hw1m3x,939,False
Chuckfromis,1736285419,k12sysadmin,1hw1m3x,m5xwhyl,I haven't seen anything...,4,0,m5xvpj3,26,False
sarge21,1736285765,k12sysadmin,1hw1n69,m5xxoua,"Pasting my comment from elsewhere:

The maintenance user shows up as 200A0 in the ps-log-audit files.

You can correlate audit log access with mass-data exports by time in the mass-data logs.",6,0,1hw1n69,191,False
Hazy_Arc,1736285781,k12sysadmin,1hw1m3x,m5xxqyr,I don't think I've used that function before - how does one access it?,3,0,m5xo9n5,70,False
FloppyDumpster,1736285799,k12sysadmin,1hw1m3x,m5xxt4j,"We don't use anything from PowerSchool and never have, but I got an email from PowerSchool telling me that we are not affected by the breach because we are not a PowerSchool customer. It even starts with ""Dear Valued Customer,"" and then says ""you are not a PowerSchool SIS customer"" later on.

My best guess is that they have my email because they are owned by Pearson and we use a few other Pearson products, but the email makes no mention of this or Pearson at all. It's such a bizarre email to receive.",11,0,1hw1m3x,505,False
sarge21,1736285853,k12sysadmin,1hw1m3x,m5xxzq9,"You have to look at the time of the logs in the ps-audit-logs and then manually correlate them to the mass-data logs. Sorry, there is no automatic function",4,0,m5xxqyr,155,False
GBICPancakes,1736286233,k12sysadmin,1hw1m3x,m5xzb3p,"Yeah one of my school clients got the same set of emails. Good start to the year!  
We're trying to find out exactly what data was accessed, and administration is talking about when/if to notify parents.",8,0,1hw1m3x,203,False
flunky_the_majestic,1736286669,k12sysadmin,1hw1m3x,m5y0t9y,I don't have access to the webinar invitation.  Can anyone share?,8,0,1hw1m3x,65,False
EdTechYYC,1736286726,k12sysadmin,1hw1m3x,m5y10dc,"What sort of data did you see being accessed?

If anyone has an SQL query to do correlate this, I'm sure many would be super grateful.",1,0,m5xxzq9,134,False
sarge21,1736286925,k12sysadmin,1hw1m3x,m5y1pbx,Right now I'm comfortable providing information only that is already public. The mass-data logs should have all the information relevant to exported data,4,0,m5y10dc,153,False
rilian4,1736287012,k12sysadmin,1hw1n69,m5y207i,I got one saying my data was not breached.,2,0,1hw1n69,42,False
pheen,1736287410,k12sysadmin,1hw1m3x,m5y3d1r,"I wonder if this only affects hosted customers. We self host, but I have a PowerSource account and received the email.",13,0,1hw1m3x,118,False
pheen,1736287469,k12sysadmin,1hw1m3x,m5y3k8w,"lol. Looks like they changed it already. I got ""Thank you for registering for our webinar: PowerSchool Cybersecurity Incident. We look forward to hosting you soon. """,5,0,m5xt0hm,165,False
lutiana,1736287840,k12sysadmin,1hw1m3x,m5y4skf,"The email I got is completely unclear on what was compromised and if we were compromised. A lot about how other PS products are A-OK, it was only the SIS, but at the end says ""although your product was not impacted""

So which is it, was out data part of the this or not?  
  
But don't worry, they're ""are addressing the situation in an organized and thorough manner"" (no idea wtf that means, but they repeated it about 4 times in the email).",15,0,1hw1m3x,442,False
pheen,1736287945,k12sysadmin,1hw1m3x,m5y554d,"Oh great, I have logs from 12/22 for Students_export.csv and Teachers_export.csv from a Ukrainian IP address.",11,0,m5xvppr,109,False
lutiana,1736288304,k12sysadmin,1hw1m3x,m5y6bwp,"So they paid the bad guys to delete the data, interesting.",14,0,m5xw2w6,58,False
lutiana,1736288518,k12sysadmin,1hw1m3x,m5y713n,"From what someone posted above, from an FAQ they published, and reading between the lines, I suspect they paid the bad guys to delete the data, which is why they are saying they believe it was deleted. The FAQ seems to say that they received video evidence of the deletion (though I have no idea how this would be assurance of deletion without copying it before hand).",10,0,m5xrryv,368,False
Oneota,1736288529,k12sysadmin,1hw1m3x,m5y72aw,"Can you say how you determined this? I'm not familiar enough with the PS innards (we have a SIS person who usually handles this, but I'd like to do some digging right away).",1,0,m5y554d,173,False
SIS_Lord,1736288705,k12sysadmin,1hw1m3x,m5y7mwn,Which encourages them to attack and ransom more K12 software vendors not realizing they aren't all backed by wallstreet money,17,0,m5y6bwp,125,False
bad_brown,1736289291,k12sysadmin,1hw1m3x,m5y9k43,Do you use Schoolmessenger by chance?,11,0,m5xxt4j,37,False
da_chicken,1736289349,k12sysadmin,1hw1n69,m5y9qr4,"That's the one we got, but I know a nearby district that was not so lucky.",3,0,m5y207i,74,False
jimman1616,1736291209,k12sysadmin,1hw1m3x,m5yfpda,that’s how i take it. we are in the same boat.,4,0,m5y3d1r,46,False
kratos1973,1736291652,k12sysadmin,1hw1m3x,m5yh2v6,Perhaps coinicidence but 1/2 hour before I received this email I discovered   that our Google workspace had started sending talented emails to quarantine for the last week curious if anyone else had this issue,13,0,1hw1m3x,209,False
matthieu0isee,1736291797,k12sysadmin,1hw1m3x,m5yhj0t,"Wasn’t there a news article today about how a staff member at a school gave students their login credentials to their WiFi, which happened to be the same credentials for their SIS, the staff was fired and students in criminal trouble. I wonder if it’s connected",30,0,1hw1m3x,261,False
J_de_Silentio,1736292161,k12sysadmin,1hw1m3x,m5yinh7,It affected both.  Support credentials were compromised.,10,0,m5y3d1r,56,False
J_de_Silentio,1736292212,k12sysadmin,1hw1m3x,m5yit5j,"Or Schoology, or the other 50 SaaS programs powerschool group bought.",13,0,m5y9k43,69,False
toycoa,1736292648,k12sysadmin,1hw1m3x,m5yk50c,"That one used SchoolTool which is made by Mindex,",13,0,m5yhj0t,49,False
bwalz87,1736292864,k12sysadmin,1hw1n69,m5yksff,Nice reply there,6,0,m5xrd1d,16,False
Digisticks,1736294593,k12sysadmin,1hw1m3x,m5yq1yp,"We were affected and got early access to a webinar today an hour and a half after notice went out. Essentially here's what we got...

1. We were affected if the email said we were.
2. The issue came from PowerSchool, not a school/district.
3. PowerSchool partnered with a company to ""ensure data was deleted"" while in contact with breachers.
4. Student and Teacher data tables breached and exported.
5. PowerSchool has taken action (that probably should have been implemented prior) to ensure this doesn't happen again.
6. It's at least US and Canada impacted.

There is a news story out of Tennessee (of all places) about it. Only one out there as of 7:03 EST",57,0,1hw1m3x,660,False
Runcade,1736295654,k12sysadmin,1hw1m3x,m5yta06,So what type of disclosure needs to take place?,7,0,m5yq1yp,47,False
Digisticks,1736296431,k12sysadmin,1hw1m3x,m5yvnvh,We're waiting for their communication guidance. They've alerted federal officials.,7,0,m5yta06,82,False
Pjmonline,1736297386,k12sysadmin,1hw1n69,m5yykwd, I got one and it said a district had a compromised user account credentials. It sounded like it only affected that district. We don’t use their SIS so it said we were not affected.,3,0,1hw1n69,181,False
Timewyrm007,1736297588,k12sysadmin,1hw1m3x,m5yz6uj,Ours too; we are hosted.  We had a mass export from 91.218.50.11  which geo located to the Ukraine,6,0,m5y554d,98,False
lutiana,1736298013,k12sysadmin,1hw1m3x,m5z0hcu,"Heads up, there seem to be two types of emails PS sent out about this, one stating explicitly that your data was compromised, the second being one that is deliberately vague and noncommittal about your data's involvement.

The second type, like what we received, does not mean your data is safe. We managed to get confirmation from them that our data was indeed involved, even though the email did not explicitly say that it was.",7,0,m5y4skf,429,False
Tr0yticus,1736298153,k12sysadmin,1hw1m3x,m5z0wdv,"The top of the email says “your data was accessed” - within the first paragraph. If it doesn’t say that, your email is likely a “hey, news is going to break that we messed up. We want you to know your stuff is all good”",8,0,m5y4skf,219,False
pheen,1736299031,k12sysadmin,1hw1m3x,m5z3j45,Yeah I found out. Ukrainian IP downloaded student and teacher exports on 12/22,14,0,m5yinh7,78,False
adstretch,1736299687,k12sysadmin,1hw1n69,m5z5hm4,lol. When someone forgets to modify the defaults.,5,0,m5xrd1d,49,False
linus_b3,1736299767,k12sysadmin,1hw1m3x,m5z5q6z,"Not buying the ""ensure data was deleted"" thing.  There's simply no way they can say that for certain.",64,0,m5yq1yp,101,False
Digisticks,1736299927,k12sysadmin,1hw1m3x,m5z67by,"I don't particularly agree with it myself, but they worked with CyberSteward to ""verify"" it. Another piece of verbiage was that they ""have a high degree of confidence"" that the data has been deleted. They're partnering with other companies to monitor the dark web for it.",9,0,m5z5q6z,271,False
linus_b3,1736300062,k12sysadmin,1hw1m3x,m5z6lpj,I think the first type of email went to SIS technical contacts.  The second went to contacts for other PowerSchool products.  It is confusing.  My school committee chair got the second one and I have no idea why he got one at all.,4,0,m5z0hcu,230,False
adstretch,1736300135,k12sysadmin,1hw1n69,m5z6tij,I just pulled my audit log for the last two weeks. Where do you see the 200A0 in the log? Do you have a sanitized line that you can share? Feel free to DM if you don’t want to post,1,0,m5xxoua,180,False
J_de_Silentio,1736300228,k12sysadmin,1hw1m3x,m5z73jx,"Did you get an email from powerschool saying you were compromised. 


I got one saying I wasn't.  Going to check tomorrow, but curious if people are getting the no compromise email and still show evidence of compromise.",5,0,m5z3j45,219,False
BTS05,1736300504,k12sysadmin,1hw1n69,m5z7x63,Ours showed up on 12/22,3,0,m5z6tij,23,False
jallenm01,1736300694,k12sysadmin,1hw1n69,m5z8h8u,Same. Found in logs based on another chat platform. Same IP same date. So now I know what fields they took. (Assuming everyone is right about the event and when it actually happened),3,0,m5z7x63,182,False
BTS05,1736301169,k12sysadmin,1hw1n69,m5z9vnw,"On the audit Log you will see that user ID.  That same line will show a timestamp.  Example 20:58:30

You then pull up the mass export log by that date.  For us it was on 12/22. So open that Log files up in notepad++, Do a search and  cross reference the time stamp. Search the first two points in time (just hours and minutes that user showed up in the audit log). For example 20:58 or 20:59. From there you will see with seconds all of the fields that where exported. 

When finished go to kitchen and grab a 🍺.",4,0,m5z8h8u,513,False
RememberCitadel,1736301216,k12sysadmin,1hw1m3x,m5za0ld,"The first thing any district affected should do is lock down your VPN/cloud resources.   

It won't be hard to extrapolate that the user account janedoe@schooldistrict.org also has vpn access or email at that same organization.",23,0,1hw1m3x,227,False
jallenm01,1736301262,k12sysadmin,1hw1n69,m5za5hg,I already found mine unfortunately. It matches what others are saying.,2,0,m5z9vnw,70,False
adstretch,1736303555,k12sysadmin,1hw1n69,m5zgq42,Hi to everyone from macadmins lol,-5,0,m5z8h8u,33,False
Hazy_Arc,1736304573,k12sysadmin,1hw1m3x,m5zjngc,Source: trust us bro.,25,0,m5z67by,21,False
Digisticks,1736304637,k12sysadmin,1hw1m3x,m5zju79,"Short of our own dark web monitoring, that's all they've given us at this point.",5,0,m5zjngc,80,False
Hazy_Arc,1736304768,k12sysadmin,1hw1m3x,m5zk7uk,"It baffles me why they’d pay for that “assurance”. You’re still going to have to fork out the dough for damage control, notification, and credit monitoring regardless. They’ve gained nothing by paying and only emboldened the asshats who do this type of thing to continue on.",10,0,m5zju79,274,False
Digisticks,1736304852,k12sysadmin,1hw1m3x,m5zkgiw,"Part of me wonders if they're so large they ""had to,"" to get control of the situation back. All that student data is a big problem. We didn't have student socials, but I'm sure someone did.",9,0,m5zk7uk,189,False
spikeandedd,1736306148,k12sysadmin,1hw1m3x,m5zo3oq,For a small sum of 10 million dollars 😁,20,0,m5z5q6z,39,False
981flacht6,1736307247,k12sysadmin,1hw1n69,m5zr276,Sounds like they paid ransomware.,1,0,1hw1n69,33,False
aplarsen,1736308190,k12sysadmin,1hw1m3x,m5ztj84,They haven't been owned by Pearson for 10 years. They have your email from something else.,9,0,m5xxt4j,90,False
lifeisaparody,1736312750,k12sysadmin,1hw1m3x,m604guz,"Not just the data. At one point in time they managed to close some ports without telling us (locally hosted), which broke some third-party functionality.",5,0,m5xtamv,153,False
Saug,1736330217,k12sysadmin,1hw1m3x,m60yt8t,"Instructions for looking at the specific logs and data:  
[https://docs.google.com/document/d/1FCJEENhLTJGUyEpr4oLJ0jNJPP2IIZrDdRpVPeqg8-E/edit?tab=t.0](https://docs.google.com/document/d/1FCJEENhLTJGUyEpr4oLJ0jNJPP2IIZrDdRpVPeqg8-E/edit?tab=t.0)",40,0,1hw1m3x,246,False
HSsysITadmin,1736344010,k12sysadmin,1hw1n69,m61q4b8,"To help you see if you've been hit:

[https://docs.google.com/document/d/1FCJEENhLTJGUyEpr4oLJ0jNJPP2IIZrDdRpVPeqg8-E/edit?tab=t.0](https://docs.google.com/document/d/1FCJEENhLTJGUyEpr4oLJ0jNJPP2IIZrDdRpVPeqg8-E/edit?tab=t.0)",2,0,1hw1n69,225,False
teh1tn1nj4,1736344870,k12sysadmin,1hw1m3x,m61sf3p,Where is this article?,3,0,m5yhj0t,22,False
adstretch,1736345117,k12sysadmin,1hw1m3x,m61t305,Does anyone here have a communications that went out to families?,8,0,1hw1m3x,65,False
adstretch,1736345138,k12sysadmin,1hw1n69,m61t54g,Does anyone have a communication that went out to families?,2,0,1hw1n69,59,False
pheen,1736345475,k12sysadmin,1hw1m3x,m61u1z6,Yes it said I was compromised.,6,0,m5z73jx,30,False
Traxsysadmin,1736345850,k12sysadmin,1hw1m3x,m61v3ee,Lol I found the support agent's assumed first and last name whose account was compromised. Found it in my pslog file searching for the IP address that u/Saug listed in that google doc.,17,0,1hw1m3x,184,False
Traxsysadmin,1736345861,k12sysadmin,1hw1m3x,m61v4f1,This was super helpful -- thank you,9,0,m60yt8t,35,False
pheen,1736345925,k12sysadmin,1hw1m3x,m61vaw8,Same exact IP address as us.,4,0,m5yz6uj,28,False
matthieu0isee,1736347220,k12sysadmin,1hw1m3x,m61z03p,https://www.syracuse.com/crime/2025/01/7-liverpool-students-charged-with-accessing-online-portal-to-change-disciplinary-records.html,3,0,m61sf3p,132,False
k12techpro,1736350690,k12sysadmin,1hw1m3x,m629pvi,"Few things:

\- The post ""PowerSchool Compromised"" on K12TechPro is having some good discussion. Light reminder that K12TechPro is a vetted private community of k12 techs and not viewable by the public. [https://members.k12techpro.com/](https://members.k12techpro.com/) (If you aren't on there yet, click sponsorship to get in free)

\- Bleeping Computer has picked up the story too - [https://www.bleepingcomputer.com/news/security/powerschool-hack-exposes-student-teacher-data-from-k-12-districts/](https://www.bleepingcomputer.com/news/security/powerschool-hack-exposes-student-teacher-data-from-k-12-districts/)

\- Full PowerSchool email link - [https://go.powerschool.com/index.php/email/emailWebview?email=ODYxLVJNSS04NDYAAAGX4Uc9\_4samuzXqzBdCGatRdeJwgal900VGXSgoP85TrLnvepWYYq-7EeVcjgepIFIOPZ5zgR8gxxuMKsVpqwO8EOo5zfHJaOHLA](https://go.powerschool.com/index.php/email/emailWebview?email=ODYxLVJNSS04NDYAAAGX4Uc9_4samuzXqzBdCGatRdeJwgal900VGXSgoP85TrLnvepWYYq-7EeVcjgepIFIOPZ5zgR8gxxuMKsVpqwO8EOo5zfHJaOHLA)",9,0,1hw1m3x,1015,False
burn1ngchr0me,1736350705,k12sysadmin,1hw1m3x,m629rli,Is this the first time this sub has made the news? Lol: [https://www.bleepingcomputer.com/news/security/powerschool-hack-exposes-student-teacher-data-from-k-12-districts/](https://www.bleepingcomputer.com/news/security/powerschool-hack-exposes-student-teacher-data-from-k-12-districts/),19,0,1hw1m3x,286,False
Firm_Safety7681,1736351097,k12sysadmin,1hw1m3x,m62b10u,From experience: Affected districts should reach out to their own legal counsel. You'll be affected by myriad state laws and district-level policies that PowerSchool can't possibly take into account in any guidance or communication templates they provide. Your attorneys are paid to protect YOUR interests.,8,0,m5yvnvh,306,False
Sk1llPo1nt,1736351503,k12sysadmin,1hw1m3x,m62cd44,Did anyone else run this and see log entries for Export failed - Exception while attempting to execute report or Export failed with message null? Not sure whether to think they didn't get our data or not.,4,0,m60yt8t,204,False
Chuckfromis,1736353922,k12sysadmin,1hw1m3x,m62kgor,"I'm waiting for the PowerSchool webinar, so I  can hear their version of the events.",5,0,m61t305,84,False
combobulated,1736355103,k12sysadmin,1hw1m3x,m62oi2d,"I don't see ""sponsorship"" on the K12techPro page.

Can you clarify how to get in free?",6,0,m629pvi,86,False
lutiana,1736355334,k12sysadmin,1hw1m3x,m62papk,[https://www.bleepingcomputer.com/news/security/powerschool-hack-exposes-student-teacher-data-from-k-12-districts/](https://www.bleepingcomputer.com/news/security/powerschool-hack-exposes-student-teacher-data-from-k-12-districts/),5,0,m5xvpj3,230,False
Bluetooth_Sandwich,1736357477,k12sysadmin,1hw1m3x,m62w66i,Sales will retain your contact information for essentially forever unless you go out of your way to request it be deleted.,3,0,m5xxt4j,122,False
QueJay,1736360619,k12sysadmin,1hw1m3x,m6370ye,"If you click the button to do the application, on the last page of the Google response form when it asks for the form of payment you wish to apply for your membership there is an option to select sponsorship.",7,0,m62oi2d,208,False
tjs1014,1736362682,k12sysadmin,1hw1m3x,m63e87a,"Yes, that is what we see in our logs. Multiple times for both tables like a script kept trying to do it again or something.",3,0,m62cd44,123,False
ZaMelonZonFire,1736367006,k12sysadmin,1hwthy5,m63t4wg,"How the hell could they know the leaked data has been contained and not publicly available?

The Maury Povich in me believes... that is a lie.",22,0,1hwthy5,142,False
OkayArbiter,1736367539,k12sysadmin,1hwthy5,m63uypz,"Theoretically if PS paid the attacker, then it's *reasonable* to assume that it's *possibly* contained. Often, ransomware attackers will hold their end of the bargain if paid. This is a bit different, but it's *possible* that once paid (if that is what happened), the attackers walked away.",15,0,m63t4wg,290,False
duluthbison,1736367575,k12sysadmin,1hwthy5,m63v2zs,So happy to be an Infinite Campus district right now. PowerSchool has been and always will be a terrible company.,15,0,1hwthy5,113,False
Timewyrm007,1736367880,k12sysadmin,1hwthy5,m63w42u,"It's NOT a good business model to not keep your promises.  

If your business is breached and your cyberinsurance company says ""oh you were breached by XXX, don't pay them they don't keep thier word"" or ""We won't pay XXX because they don't operate in good faith""

The Breachers know how to play the game and will typically ""follow the rules"" of it",12,0,m63uypz,347,False
sharpeone,1736368188,k12sysadmin,1hwthy5,m63x5he,"So, my assumption is they had no forced MFA for elevated accounts to begin with.  I know it's not foolproof, but that is poor security practices for a company that houses PII.",41,0,1hwthy5,175,False
Fitz_2112b,1736368472,k12sysadmin,1hwthy5,m63y4s1,Thank you for doing this great overview post!,14,0,1hwthy5,45,False
sharpeone,1736368517,k12sysadmin,1hwthy5,m63yad8,Don't think they (IC) aren't discussing changing a lot of their practices right now.,23,0,m63v2zs,84,False
sync-centre,1736369326,k12sysadmin,1hwthy5,m6412sf,Their security team didn't notice large amount data going to ukraine on a sunday a few days before christmas?,26,0,1hwthy5,109,False
PorteringLloyd,1736369465,k12sysadmin,1hwthy5,m641kg0,"This is SIS only, correct? We are Schoology and School Messenger customers. Their email said SIS only but I wonder if they confirmed or addressed that directly in other comms or the webinar.",11,0,1hwthy5,190,False
chickentenders54,1736369508,k12sysadmin,1hwthy5,m641q0o,"I think we all have to assume that hackers aren't good, quality, honest people that keep their word.",10,0,m63w42u,100,False
pheen,1736369529,k12sysadmin,1hwthy5,m641sr5,To disable maintenance access for on-prem users: District Level > System Management > Security > System Security Settings,19,0,1hwthy5,121,False
Stephen_A_Bayless,1736369980,k12sysadmin,1hwthy5,m643d85,"SIS only. More specifically, student and teacher tables within the SIS.",10,0,m641kg0,71,False
flunky_the_majestic,1736370307,k12sysadmin,1hwthy5,m644i38,"> The Breachers know how to play the game and will typically ""follow the rules"" of it

Though, things aren't that simple.  These organizations are made of dozens of people.  There have been cases in the past of infighting where some of the individuals take the data and sell it even though they weren't supposed to.  In the end, it's relying on ""honor among thieves"".  There are no assurances.  PowerSchool knows this, but the horse is out of the barn.  No matter how hard they close the door, it's still out.  Now they are just trying to keep their jobs.",13,0,m63w42u,555,False
bad_brown,1736370567,k12sysadmin,1hwthy5,m645ed1,Nope!,5,0,m6412sf,5,False
antilochus79,1736370729,k12sysadmin,1hwthy5,m645ydg,Most PowerSchool instances are self-hosted.,-6,0,m6412sf,43,False
sarge21,1736371424,k12sysadmin,1hwthy5,m648c81,I don't think they noticed until the 27th when I put a ticket in about the maintenance account accessing our SIS from Ukraine,39,0,m6412sf,125,False
New_Scientist_4532,1736372159,k12sysadmin,1hwthy5,m64avj6,"""Less than 1TB"" of data doesn't mean much right after confirming photos weren't included, so the data was purely text...",20,0,1hwthy5,120,False
linus_b3,1736372251,k12sysadmin,1hwthy5,m64b6s7,"Are they?  In my area, every district is hosted by PowerSchool except for one.",11,0,m645ydg,78,False
m3gunner,1736372602,k12sysadmin,1hw1m3x,m64ceed,They had to... Schools don't play and would kick them to the curb if the data wasn't squashed. They would literally lose all of their customers and be out of business in 24 hours.,5,0,m5y6bwp,179,False
New_Scientist_4532,1736373462,k12sysadmin,1hwthy5,m64ff5h,"To add on to this, if anyone's curious, if we assume the amount of data was HALF that much (500gb), based on the average amount of data exposed in our district per student, that would be enough data for around 100-500 million students (pretty large margin of error depending on utilization of tables, longer entries, etc.)",18,0,m64avj6,322,False
vawlk,1736376271,k12sysadmin,1hwthy5,m64op7i,"The data wasn't really that valuable. The target was PS's rep, not the schools. 

However, PS's reputation is the thing that could be hurt the most here and is most valuable.

PS screwed up and paid for it to keep it contained.",-7,0,m644i38,227,False
vawlk,1736376444,k12sysadmin,1hwthy5,m64p93e,"in these cases, the data rarely ends up out in the open. Most of the data is already publicly available. It wasn't really that valuable except to PS's reputation.

Who cares about a few thousand names, addresses, and phone numbers? The hackers had ever reason to follow through with the delete so they get paid the next time they hack data again.

If every time a company paid off a hacker they still released the data, no one would pay anymore. This was a hack for financial gain.",-5,0,m641q0o,481,False
Ruckusnusts,1736376811,k12sysadmin,1hwthy5,m64qfcp,The FAQ link isn't working for me.  Anyone able to see it?,3,0,1hwthy5,58,False
Normal-Reputation800,1736377034,OntarioTeachers,1hwx1n1,m64r4ir,Newfoundland only?,2,0,1hwx1n1,18,False
LoveTechHateTech,1736377177,k12sysadmin,1hwthy5,m64rkh4,Same around here,4,0,m64b6s7,16,False
nits3w,1736377519,k12sysadmin,1hw1m3x,m64smg2,Were you able to confirm whether or not you were compromised?,1,0,m5z73jx,61,False
mystyz,1736377886,OntarioTeachers,1hwx1n1,m64tr0k,Nope.,1,0,m64r4ir,5,False
Falos425,1736377969,k12sysadmin,1hwthy5,m64tzti,"in-team welching risks getting you blacklisted in ""the scene"" as well, criminals who renege can risk angrier retaliation than law enforcement

spinning up a new name means breaking off from old rep and cred, best option would be to spin the narrative so your welch is ""justified"" because of whatever drama

devil's advocate out of the way, yeah, cybersec has a high bar for being ""certain"" and you can't really say payoffs are certain",4,0,m644i38,434,False
chickentenders54,1736378081,k12sysadmin,1hwthy5,m64ubzz,"Social security numbers along with all of the matching names, addresses, phone numbers, and medical data, is more valuable than you lead on. They have enough to assume full identities of these people.

Hackers aren't organizing in mass and deciding which set of morals they will adhere to for the greater good of the hacking community. Each hacker is motivated by maximizing their personal profit, or motivated by revenge or something like that. They don't care about other hackers and how much other hackers might not make in the future. You're thinking way too far into this. As much money as possible, right now. They want it on the front end from the insurance payout, and they want it on the back end when they either sell this data in mass, or use it to compromise identities for many years to come.

At most, these breaches give out credit monitoring/protection for a year. Fine, the hackers will sit on the data longer and then start compromising. Kids are especially valuable because they aren't keeping track of their credit.",9,0,m64p93e,1035,False
Daraca,1736378183,k12sysadmin,1hwthy5,m64un3i,Thanks for putting this together OP.,6,0,1hwthy5,36,False
ITHallMonitor,1736378490,k12sysadmin,1hwthy5,m64vkka,"This will be the next ""80 million + "" voters"" list in 4 years time.",6,0,m64ubzz,67,False
J_de_Silentio,1736378967,k12sysadmin,1hw1m3x,m64x0bx,"I was not compromised.  In fact, I just looked at my firewall logs and Geo Blocking saved me.",4,0,m64smg2,93,False
ForwardCarpenter5659,1736380368,OntarioTeachers,1hwx1n1,m65164q,Resllly?!,1,0,1hwx1n1,9,False
ForwardCarpenter5659,1736380456,OntarioTeachers,1hwx1n1,m651fmo,In Ontario?,6,0,1hwx1n1,11,False
eldonhughes,1736380663,k12sysadmin,1hwthy5,m6521oj,"Various conversations with a number of schools today. Many of them started by ""I got this email from Powerschool warning me about a breach. We've never been a Powerschool school."" Later, in the body of the email is a line that says something like: You are not a Powerschool customer so know that we have not lost any of your information.   Ignoring them advertising their failure to protect for a moment -- doesn't this indicate that they are maintaining an active list of every school district they can get information on and tracking them?  My kids used to call that ""skeevy"".",16,0,1hwthy5,578,False
GandElleON,1736380753,OntarioTeachers,1hwx1n1,m652b83,https://www.bleepingcomputer.com/news/security/powerschool-hack-exposes-student-teacher-data-from-k-12-districts/amp/,4,0,1hwx1n1,117,False
vawlk,1736380844,k12sysadmin,1hwthy5,m652kyw,"I can speak for all schools, but we haven't stored SSNs for years and the only medical data was basic alert info and doctor info. No actual medical records were included. The student and teacher data tables don't contain ALL student and teacher data.

With the data that was accessed it would take a lot of extra work to social engineer your way to get anything worth value. Just best to export a buttload of data and extort the company with it and move on to your next ""project.""",1,0,m64ubzz,480,True
vawlk,1736381360,k12sysadmin,1hwt7ox,m6543uy,"who is to say the other SIS are more secure?

beaches are the only times when you are sure that things actually get safer.

I bet other SIS vendors are scrambling to up their security now too.",2,0,1hwt7ox,192,True
Tr0yticus,1736381698,k12sysadmin,1hwthy5,m6553ow,Nice work OP. I was also on the call and can vouch for what is written above.,35,0,1hwthy5,77,False
Dragonfly_Peace,1736382975,OntarioTeachers,1hwx1n1,m658wqh,UCDSB just had a cyber attack.,3,0,1hwx1n1,30,False
dajul,1736384020,OntarioTeachers,1hwx1n1,m65c1eb,So did DDSB,1,0,m658wqh,11,False
NickGSBC,1736384530,k12sysadmin,1hw1m3x,m65dk16,"Unfortunately in this particular case that doesn't matter when PowerSchool built in a back door for support to access servers that worked even when districts had remote support disabled...

  
Also this impacted both customers that have their PowerSchool instance run by PowerSchool and districts that have their own PowerSchool server on prem.",2,0,m5za0ld,344,False
DRENREPUS,1736385096,k12sysadmin,1hwthy5,m65f8q0,I highly recommend disabling vendor access unless you need them. It sounds like there is no MFA requirement for access to and through this system (speculation).,4,0,m641sr5,160,False
RememberCitadel,1736386417,k12sysadmin,1hw1m3x,m65j3f8,"Sure, but that already flew the coup. I am pointing out the potential for additional damage of accounts gathered from that breach being used to get into the rest of your environment. 

There are also many who have their instance hosted elsewhere,  who might otherwise think themselves otherwise safe.",3,0,m65dk16,300,False
okaybutnothing,1736386680,OntarioTeachers,1hwx1n1,m65junq,"I think it’s all of PowerSchool, so every area that uses it. A lot of North America.",4,0,1hwx1n1,84,False
mybrotherhasabbgun,1736386967,k12sysadmin,1hwthy5,m65kotm,We received a message stating we were not affected b/c we aren't SIS customers. We use School Messenger.,3,0,m641kg0,104,False
Fresh-Basket9174,1736387918,k12sysadmin,1hwt7ox,m65ng9w,"I sent a screenshot of that to our MIS, we both said something like  ""read the room folks""  .  I also heard some people got an auto response of ""were excited to have you join us"" after registering for the session.  All systems can have issues, but it seems like they may not have even had mfa on that account.  That's just lazy in this day and age.  

That said, it  gave us something to chuckle about on a pretty stressful day.  It's  9pm and the promised communication from them has not arrived yet so hopefully it will be in the inbox in the morning.",7,0,1hwt7ox,553,False
Jolly_Platypus6378,1736388066,OntarioTeachers,1hwx1n1,m65nvgm,"There is a list of school boards at the end of the article. In Ontario, dufferin-peel Catholic and Durham",1,0,1hwx1n1,105,False
tohanry,1736388844,k12sysadmin,1hwthy5,m65q2eh,"If they have Schoology, that is why they got the email.  Powerschool owns Schoology",7,0,m6521oj,83,False
flunky_the_majestic,1736389256,k12sysadmin,1hwthy5,m65r7x7,"In the last 15 years or so, I have worked with maybe a dozen Powerschool districts.  Around 10 years ago, with a trend toward minimizing server hardware on site, all of my districts started moving to Cloud hosted.  Powerschool was the most hardware-hungry application on their servers.  When it came time to buy new servers, they took money out of their hardware + maintenance budget, and put it into cloud hosting.  

The last on-prem instance I recall was probably 4 years ago.",8,0,m645ydg,479,False
antilochus79,1736389604,k12sysadmin,1hwthy5,m65s6lq,Maybe we just have more coordination and cooperation going on in Michigan. Many districts using PowerSchool are self hosted with a county-level consortium.,4,0,m64b6s7,155,False
aplarsen,1736390496,k12sysadmin,1hx2hhh,m65uozy,"Maintenance account compromised.

Student and teacher data exfiltrated.

No evidence that it's on the dark web yet.

PS says it has assurance that it was deleted.

PS community helping each other figure out what was taken so measures can be taken to reach out to families.",47,0,1hx2hhh,272,False
Daraca,1736390682,k12sysadmin,1hwthy5,m65v7mk,"This is not uncommon in (any) industry, there are companies dedicated to gather intelligence of every potential customer. It’s a pretty standard part of sales tactics.",5,0,m6521oj,167,False
k12-tech,1736391699,k12sysadmin,1hx2hhh,m65y1b5,"The most disappointing part is the lack of PowerSchool actually giving any specifics. We’ve had to use Reddit, listservs, and other sources to hear how to check the logs, verify what was downloaded, and cross reference what the fields actually mean. 

A small group of Tech Directors figured out more in four hours than PowerSchool could in two weeks.",75,0,1hx2hhh,351,False
ZaMelonZonFire,1736392323,k12sysadmin,1hx2hhh,m65zq9s,I’m just finding it impossible that they claim the data isn’t available online.  There’s no way a district could know that for certain.,14,0,m65uozy,135,False
sharpeone,1736392891,k12sysadmin,1hx2hhh,m6618fb,Maintenance account compromised *due to poor security practices.*,48,0,m65uozy,65,False
toukolou,1736393142,OntarioTeachers,1hwx1n1,m661wib,YRDSB too,2,0,1hwx1n1,9,False
sharpeone,1736393171,k12sysadmin,1hwt7ox,m661zb1,"Lazy and irresponsible.  Crazy how we as a school district are expected to have these basic security processes in place, yet a multibillion dollar company let's something like this happen from a contractor support account.",9,0,m65ng9w,222,False
lifeisaparody,1736393469,k12sysadmin,1hwthy5,m662rh0,"I'm a little confused.  
  
So one of the things they did early was to disable the compromised account. How then were they able to do the investigation on those compromised systems? Are there other time-unlimited accounts built-in?

Was the compromised account baked into the application, with the same password for all customers?

Also:  
""The compromised user may still appear to be connecting. However, this is just a bug. They have done a lot of testing to verify this is an mirage due to a bug.""

er... what? whose bug is this?

and

""PS has a clear list of compromised schools, which was used to build notifications""

Where was this list from?",7,0,1hwthy5,649,False
lifeisaparody,1736393733,k12sysadmin,1hx2hhh,m663g29,I wonder if the account used the same password across all installs.,11,0,m6618fb,67,False
sin-eater82,1736393783,k12sysadmin,1hx2ghr,m663kp2,Why not just lost those log instructions here for everybody to use without having to sign up for your site?  I think the community would greatly appreciate it considering the potential impact.,9,0,1hx2ghr,192,False
sharpeone,1736394061,k12sysadmin,1hx2hhh,m664alr,"From what they said in the webinar, it was actually a contractor support agent account that was compromised.  I'm sure no MFA as they avoided the question, but said MFA was taken care of by their VPN process now.",13,0,m663g29,212,False
k12techpro,1736394121,k12sysadmin,1hx2ghr,m664g44,"This post has a link to google doc of log instructions too [https://www.reddit.com/r/k12sysadmin/comments/1hw1m3x/so\_powerschool\_had\_a\_breach/](https://www.reddit.com/r/k12sysadmin/comments/1hw1m3x/so_powerschool_had_a_breach/) The difference between here and K12TechPro is that K12TechPro is vetted private community of k12 techs only (comments, conversations, etc. are behind the wall), here is visible by the public. -Chris",-4,0,m663kp2,430,True
adstretch,1736394266,k12sysadmin,1hx2hhh,m664tpq,I’m sure they paid for the assurances by the attacker. Hard to trust the thief who just stole from you though. They keep saying it’s not ransomware but I feel like they’re using a very narrow definition if they’re paying the extortion.,15,0,m65zq9s,235,False
mybrotherhasabbgun,1736394336,k12sysadmin,1hx2hhh,m66501k,The dark web monitoring tools are getting pretty good. We get info on leaks related to our accounts from our MDR and Kaduu.,3,0,m65zq9s,123,False
adstretch,1736394353,k12sysadmin,1hx2hhh,m6651ic,I’m still shocked that any one account had that much access for that long and that they didn’t have a SIEM in place that caught all that data leaving through one set of credentials.,23,0,m6618fb,181,False
sin-eater82,1736394553,k12sysadmin,1hx2ghr,m665jsb,"Yes, I am aware of what your site is.   I was asking that you share with THIS community, and not just use it as a platform to promote a separate community.",16,0,m664g44,155,False
lifeisaparody,1736394695,k12sysadmin,1hx2hhh,m665wk9,"In my previous school, PS support turned off ports on our locally hosted instance because of some DDoS worries - without telling us first and thus breaking some third-party functionality. It was annoying as heck.",7,0,m664alr,212,False
k12techpro,1736394768,k12sysadmin,1hx2ghr,m666310,"Gotcha, this [https://www.reddit.com/r/k12sysadmin/comments/1hw1m3x/so\_powerschool\_had\_a\_breach/](https://www.reddit.com/r/k12sysadmin/comments/1hw1m3x/so_powerschool_had_a_breach/) would be your good route here. 

In particular, this is the good stuff --> [https://docs.google.com/document/d/1FCJEENhLTJGUyEpr4oLJ0jNJPP2IIZrDdRpVPeqg8-E/edit?tab=t.0](https://docs.google.com/document/d/1FCJEENhLTJGUyEpr4oLJ0jNJPP2IIZrDdRpVPeqg8-E/edit?tab=t.0) \-Chris",6,0,m665jsb,457,False
smerritt244,1736395491,k12sysadmin,1hx2hhh,m667vc7,They said they paid the attacker and got video evidence that the info the stole was deleted.,6,0,m664tpq,92,False
ckrowroc,1736395619,OntarioTeachers,1hwx1n1,m6686ma,From what I've heard there are other boards not listed in the article that have been affected.,1,0,m65nvgm,94,False
BTS05,1736396920,k12sysadmin,1hwthy5,m66bajd,Thanks OP,3,0,1hwthy5,9,False
da_chicken,1736397896,k12sysadmin,1hx2hhh,m66diox,"But they have over 900 support staff!

(And like 4 subject matter experts.)",20,0,m65y1b5,75,False
literallysorude,1736399146,OntarioTeachers,1hwx1n1,m66gax7,"Funny how every time YRDSB is a victim of a cyber attack, it’s kept out of the news. CP24 only mentioned TDSB, DDSB, PDSB. I remember the YRDSB hack last year flew under the radar for a few days too..",3,0,m661wib,200,False
literallysorude,1736399342,OntarioTeachers,1hwx1n1,m66gq9j,"YRDSB too, they just keep it out of the news. Got the email tonight.",1,0,m65nvgm,68,False
literallysorude,1736399384,OntarioTeachers,1hwx1n1,m66gtje,Wonder how this affects report cards/reporting? Our communication was pretty vague.,2,0,1hwx1n1,83,False
stephenmg1284,1736400955,k12sysadmin,1hwthy5,m66k329,Bain Capital needs a return on its investment!,6,0,m6521oj,46,False
AcidBuuurn,1736404913,k12sysadmin,1hx2hhh,m66rkek,Hopefully the attackers are incentivized to keep their word so that other companies will pay the ransom in the future. ,8,0,m667vc7,119,False
Disastrous-Spell-573,1736408873,k12sysadmin,1hwthy5,m66y9ur,"Well summarised. Tried to join this morning's webinar but the link did not open anything.  
""On prem districts should turn off maintenance access. They will contact you to turn it back on if needed.""  
Would have bene useful to have been told yesterday.   
Our server shut down at 11:45pm last night.",4,0,1hwthy5,300,False
Disastrous-Spell-573,1736409039,k12sysadmin,1hwthy5,m66yjlg,In future I will be present and ask EMS to work through my screenshare. This is really bad.,3,0,m65f8q0,91,False
Disastrous-Spell-573,1736409406,k12sysadmin,1hwthy5,m66z5ig,"""Attacker accessed maintenance credentials.""  
This was not included in the first email.  
""Doing all they can""????  
WOW.",10,0,1hwthy5,122,False
Disastrous-Spell-573,1736415877,k12sysadmin,1hx2hhh,m67947j,"Yes, but they changed the a to an @ inthe word P@ssword.",22,0,m663g29,56,False
lifeisaparody,1736416043,k12sysadmin,1hx2hhh,m679dhf,"and the 'o' to 0  
cos needs a number.",12,0,m67947j,38,False
Disastrous-Spell-573,1736420919,k12sysadmin,1hwthy5,m67h6uw,"Just seen the data taken on our server on Dec 22-23.   
The Horse has well and truly bolted.   
Their account has been closed.   
I still shut the door.",2,0,m65f8q0,152,False
sy029,1736421108,k12sysadmin,1hwthy5,m67hif9,">* Removed maintenance access from all accounts except four, which are incident response.
>* Moving forward PS will no longer have time-unlimited access. They will need to request access each time. Maintenance Access will not be turned by indefinitely. It will turn off automatically in 1-30 days and need new action to turn it back on later.
* MFA is enforced to log into the VPN where PowerSource is now accessed. Eventually MFA will be required for PowerSource support staff, too.


Soo... they have basic security practices now?",17,0,1hwthy5,532,False
Disastrous-Spell-573,1736421349,k12sysadmin,1hwt7ox,m67hx7t,"The chain is only as strong as its weakest link. You're right. There are always going to be big, reputable companies that should know better that are attacked.",3,0,m6543uy,159,False
NewsboyHank,1736424239,OntarioTeachers,1hwx1n1,m67n9oj,everywhere,2,0,m651fmo,10,False
SnooCats7318,1736424645,OntarioTeachers,1hwx1n1,m67o2vg,"In December. Nice quick response...

Those asking about reports, I don't think anything will be affected. The system wasn't attacked, per se, but information was accessed. The goal was information, not wrecking the reports, unfortunately...",1,0,1hwx1n1,240,False
jallenm01,1736426855,k12sysadmin,1hwt7ox,m67ssh8,Still nothing in my inbox and not notifications that the FAQs are updated either.,3,0,m65ng9w,81,False
Maleficent-Cook6389,1736426978,OntarioTeachers,1hwx1n1,m67t2nv,LOL. On Smartfind they were showing me jobs that were available a day before my preferences. Hilarious.,1,0,1hwx1n1,103,False
Maleficent-Cook6389,1736427010,OntarioTeachers,1hwx1n1,m67t5fu,That truly is bizarre.,2,0,m66gax7,22,False
nits3w,1736427325,k12sysadmin,1hx2hhh,m67tvu8,"One account with no MFA, and through a publicly accessible portal.",14,0,m6651ic,66,False
linus_b3,1736429788,k12sysadmin,1hwthy5,m6800gu,"I was trying to do the quick math too, but I suspect their entire customer base was compromised (or very close to it).",1,0,m64ff5h,118,False
eldonhughes,1736429897,k12sysadmin,1hwthy5,m680akp,"All true.  But the language hasn't read as much like a phishing scam in the past.  Language, timing, content, all look even more sketchy than their past approaches.  Maybe there's a new marketing lead.",5,0,m65v7mk,201,False
Square_Pear1784,1736431067,k12sysadmin,1hx2hhh,m683fc4,"I am new to a school that used Powerschool, but stopped before the 2024-2025 year. I am reading up on this situation, but so far have no clear steps that might need to be done? I have no access to Powerschool. I am thinking there may be historical data. Any advice, or are we trusting PS to handle it?",6,0,1hx2hhh,301,False
vawlk,1736431216,k12sysadmin,1hx2hhh,m683u4v,"this is how it works.

if the attackers never kept their word, no one would ever pay.",7,0,m66rkek,85,False
Hot-Audience2325,1736431797,OntarioTeachers,1hwx1n1,m685fwf,It seems like it was a ransom attack and they paid out. At this point these hacks are basically like fines for having holes in your IT security.,1,0,m67o2vg,144,False
flunky_the_majestic,1736433327,k12sysadmin,1hwthy5,m689t52,"Despite the downvotes, I think you're likely right.  Looking at it objectively, those two tables strike an emotional nerve, but aren't even the most valuable or damaging data held by PowerSchool.  They could have gone for employment, financial, medical, grading, and discipline records if they cared to sort through the data and pick out the juicy stuff for smaller sales and extortion scams.  But they went for the easy money instead.  They just needed to be able to say ""We have personal data on every family in your systems.  They're going to be really mad.  Pay us.""

PowerSchool is a $6 billion company.  The extortionist likely got a $10million+ windfall from this.  That's way easier than selling identities and credit card numbers one or two at a time.",2,0,m64op7i,760,False
sharpeone,1736433345,k12sysadmin,1hwthy5,m689v3q,Exactly.  A multibillion dollar company just now catching up with basic security practices that we as a school district have been doing for years?,11,0,m67hif9,146,False
IntelligentGinger,1736434054,OntarioTeachers,1hwx1n1,m68by03,"Hank, why is this something to say ""weeee"" about? How is this good for anyone??

They'd better not reset all my pre-made report card comments in my comment bank. 🙄",0,0,1hwx1n1,163,False
NewsboyHank,1736434968,OntarioTeachers,1hwx1n1,m68eqva,"Weeee! because since it's introduction it has been a complete and total rollercoaster of problems.  I've never trusted the comment bank, and just keep rough copies in Word, then copy and paste them over.",5,0,m68by03,203,False
BTS05,1736435029,k12sysadmin,1hxedsq,m68exnh,"We sent out one, but powerschool is also suppose to provide use with a communication package",7,0,1hxedsq,92,False
Tycho_Jissard,1736435618,k12cybersecurity,1hxewgl,m68groz,"Resources:

  
[https://www.bleepingcomputer.com/news/security/powerschool-hack-exposes-student-teacher-data-from-k-12-districts/](https://www.bleepingcomputer.com/news/security/powerschool-hack-exposes-student-teacher-data-from-k-12-districts/)

[https://techcrunch.com/2025/01/08/edtech-giant-powerschool-says-hackers-accessed-personal-data-of-students-and-teachers/](https://techcrunch.com/2025/01/08/edtech-giant-powerschool-says-hackers-accessed-personal-data-of-students-and-teachers/)

[https://www.techradar.com/pro/security/powerschool-hit-by-cyberattack-which-saw-student-and-teacher-data-stolen](https://www.techradar.com/pro/security/powerschool-hit-by-cyberattack-which-saw-student-and-teacher-data-stolen)",1,0,1hxewgl,719,False
Ashley_John_Williams,1736436090,OntarioTeachers,1hwx1n1,m68i9so,"You got an email, must be nice ;)",1,0,m66gq9j,33,False
Oneota,1736436266,k12sysadmin,1hwthy5,m68itzu,"We were not compromised, but that's because we geo-lock our on-prem PowerSchool instance.  If you're not in the U.S., you can't get to it.",1,0,m6800gu,138,False
IntelligentGinger,1736436533,OntarioTeachers,1hwx1n1,m68jp3p,"Ahhh I get it! 
Yeah I did that too actually! Thanks for the reminder!

Powerschool is garbage. Another American product being forced on a Canadian system. I don't understand why they ever did away with Trillium.",4,0,m68eqva,212,False
TechMeanieFace,1736436979,k12sysadmin,1hxedsq,m68l5b1,Yeah. They said they would provide that by the end of the day yesterday. Has anyone actually received it?,11,0,m68exnh,105,False
Oneota,1736438061,k12sysadmin,1hxedsq,m68oq47,"We're one of the lucky districts that was not impacted (thanks to a Geo-block on our firewall preventing access by all non-US IP addresses).

We'll prepare some canned responses to parents/media once this story blows up in the news, but I don't think we're currently planning to send anything else out, unless we just get inundated with questions about whether we were impacted.",10,0,1hxedsq,378,False
rilian4,1736438258,k12sysadmin,1hx2hhh,m68pdy6,"> They keep saying it’s not ransomware

Generally the term 'ransomware' is used to refer to hackers encrypting workstations and servers of their target and demanding money (a ransom) to decrypt them. This appears to have been outright data theft and extortion to ensure the stolen data was not released.",9,0,m664tpq,303,False
Spidermobilegirl,1736438304,OntarioTeachers,1hwx1n1,m68pjkt,It’s ridiculous that these educational institutions use new OS but don’t make sure that they’re safe from hacking. Duh! 😡👎🏻,1,0,1hwx1n1,123,False
vawlk,1736438929,k12sysadmin,1hwthy5,m68rmhf,"and that was my point, but reddit :)

you did a much better job writing it out though.",1,0,m689t52,86,False
linus_b3,1736439152,k12sysadmin,1hwthy5,m68sdce,Nearby district does the same thing and was compromised.  They had the maintenance account logging in with a US IP.  Everyone else I see was hit with the Ukrainian IP.,1,0,m68itzu,167,False
vawlk,1736439162,k12sysadmin,1hxedsq,m68seni,no,7,0,m68l5b1,2,False
adstretch,1736439334,k12sysadmin,1hx2hhh,m68szdr,And while that’s all true I think the non-technical public’s colloquial use of the term would include this situation even if it’s not the true definition.,-1,0,m68pdy6,154,False
combobulated,1736439490,k12sysadmin,1hw1m3x,m68tia6,Thanks!,1,0,m6370ye,7,False
combobulated,1736439555,k12sysadmin,1hw1m3x,m68tq63,"Do you mean that schools have drafted to send to families?
I've got a couple I've seen if you are still interested.

We're also potentially waiting for something more official/formal from PowerSchool to share.",2,0,m61t305,209,False
kitsinni,1736439622,k12sysadmin,1hxedsq,m68tybg,Is it self hosted?,3,0,m68oq47,18,False
combobulated,1736439684,k12sysadmin,1hw1m3x,m68u5xp,"It seems like at best they'd have the PII - which may correlate to usernames (email addresses)

I'm not too worked up over email address exposure - ours aren't secret - they're already posted on our website.

But yeah, always a good idea to just treat it like a cockroach infestation and take every possible measure.",0,0,m65j3f8,316,False
combobulated,1736439915,k12sysadmin,1hw1m3x,m68uy5a,"It is likely a larger, more well known, ""professional"" hacker group.

As such, they are more like a ""business"" than some stereotypical ""hacker"" group of angry kids and IT recluses.  As a business, they just want to get paid for the hostages they have.  (The data is the hostage).  And they want to stay in business.

If they kill the hostages, they don't get paid.

If they get paid and then kill the hostages, they won't get paid next time.

They lose credibility (and likelihood of payment) if they don't stay true to their word (With all acknowledgment to the irony in them being an ""honorable"" criminal group"").

So there's some validity to the claim anyhow.",3,0,m5zkgiw,662,False
BTS05,1736439922,k12sysadmin,1hxedsq,m68uz4c,Yeah. I heard two different times.  One we where supposed to get yesterday. Another time they stated 1 to 3 days. So we'll see. I reached out to my rep she didn't even know.,6,0,m68seni,173,False
vawlk,1736439957,k12sysadmin,1hxedsq,m68v3cs,"We just sent out an email with a short overview of what happened, what information was accessed, that PS believes the data has been contained and deleted, and that we will notify everyone if more information becomes available.

On our website, since we are required to post breaches within 10 days, I went in to more detail about what data was accessed and how it was accessed.",3,0,m68oq47,377,False
vawlk,1736440025,k12sysadmin,1hxedsq,m68vbla,"apparently, the communication was not approved by their legal team last night. I am hearing this from another TD so....",5,0,m68uz4c,119,False
vawlk,1736440112,k12sysadmin,1hx2hhh,m68vm92,"if the server is still online and accessible, then someone should see if it was affected.",3,0,m683fc4,89,False
Fresh-Basket9174,1736440631,k12sysadmin,1hxedsq,m68xdyp,"Since it is considered public information anyway, here is what we sent 

Late on January 7th, PowerSchool, the student information system used by our Districts and many others worldwide, notified us of a cybersecurity incident affecting their systems. PowerSchool has informed us that this incident involves unauthorized access to their data systems on a national scale. Since then, we have been diligently working to determine the impact on our districts. We have now confirmed that we are one of the many districts across the country affected by this breach.

We are deeply concerned about this situation and have been in continuous communication with PowerSchool to thoroughly understand the incident and to ensure that robust measures are in place to prevent any recurrence. PowerSchool has assured us that they have taken immediate steps to secure the data and will soon release a detailed communication that we will promptly share with our families, staff, and communities. PowerSchool has also informed its customers that it does not anticipate the data being shared or made public, and they believe it has been deleted without any further replication or dissemination. 

Our top priority is the security of students’, staff, and families’ information. We are committed to maintaining transparency and will provide regular updates as we receive more information from PowerSchool. We understand the concern this may cause and appreciate your patience and understanding as we navigate this challenging situation. Please know that we take the security of educational data very seriously and are taking all necessary steps to ensure the continued security of all systems.

Updates will be provided as soon as new information becomes available related to this incident.",19,0,1hxedsq,1771,False
combobulated,1736440643,k12sysadmin,1hx2hhh,m68xfgt,"Correct.

You don't get the pay if you kill the hostages.",3,0,m683u4v,57,False
combobulated,1736440862,k12sysadmin,1hxedsq,m68y6g7,"We haven't sent out yet, but likely will shortly.

Was hoping to get a better understanding of the situation and some additional guidance and input from PS, legal, and other cyber security resources before moving forward.",9,0,1hxedsq,221,False
eldonhughes,1736440932,k12sysadmin,1hwthy5,m68yf3k,"That probably IS it.   ""Relationships? You don't need relationships. Just sell our stuff!""",2,0,m66k329,90,False
TheShootDawg,1736441188,k12sysadmin,1hxedsq,m68zax2,"So you confirmed in your firewall logs the connection attempts?  nice.

we have a couple geo blocks in place, but not a total ban on non-us.",8,0,m68oq47,140,False
combobulated,1736441688,k12sysadmin,1hwthy5,m6911pu,"The PII of potentially tens/hundreds of thousands of US children may not be that valuable *yet*, but....

That's all people who don't (yet) have a credit history. No bad credit. It's prime stolen identity - it just requires sitting on it for a while first.

And that's part of the danger that isn't being directly addressed here:

You can ""monitor the dark web"" and ""provide 2 years of identity theft protection"" but when you lose the name, address, phone number, school, DOB, relatives, SSN, and other PII for someone who potentially  doesn't turn 18 for 10+ years, the actions you're taking now don't really solve anything.  

No one is opening a fraudulent credit card or taking out a loan under the identity of a 12 year old.  But if you can wait 6 years....

It's a bit like stealing new barrels full of freshly distilled whiskey - the real value comes in years later...",2,0,m689t52,875,False
Oneota,1736441960,k12sysadmin,1hxedsq,m691zgf,"FW logs don't go back that far unfortunately, but we had no instances of the tell-tale IP in our ps-audit-log, nor any of the tell-tale students_export.csv nor teachers_export.csv in our mass-data log.  All things that virtually everyone else is seeing.",6,0,m68zax2,253,False
Oneota,1736442955,k12sysadmin,1hxedsq,m695dtv,"Yes, we're on-prem.",3,0,m68tybg,19,False
namon295,1736443781,k12sysadmin,1hxedsq,m69881a,"Get with lawyers.  Have them tell you what to say and how to say it.  Power school has issued a promise to disclose this to victims and our lawyers explained that kind of puts a legal limit on what you can do.  Seriously lawyer up for this.  It's crazy complicated and we as school systems and admins are stuck in a very awkward position in the middle here.  If you say the wrong thing, no matter how well intentioned, it could backfire on you and make things way worse than they already are.",30,0,1hxedsq,492,False
pheen,1736445423,k12sysadmin,1hxedsq,m69dy2g,"During the Wednesday webinar they said by the end of the day (⅛), now I'm hearing EOD tomorrow (Friday 1/10).",5,0,m68uz4c,109,False
donaldrowens,1736445800,k12sysadmin,1hx2hhh,m69f92n,They've done multiple live webinars about this. If you weren't able to attend I suggest trying to find a recording.,14,0,1hx2hhh,115,False
donaldrowens,1736446015,k12sysadmin,1hx2hhh,m69fzqb,They hosted multiple webinars where they explained what happened and did Q&As.,2,0,m65y1b5,78,False
Beneficial_Goose,1736447771,k12sysadmin,1hx2hhh,m69m2sx,What is contradictory? Seems to have the same info that was shared on the webinar.,4,0,m69f92n,82,False
NickBurnsK12,1736448335,k12sysadmin,1hxedsq,m69o1qm,Same here.  Feeling lucky/blessed/glad I added geo-block as a layer of defense--saved us this time...,4,0,m691zgf,101,False
No_Account7338,1736455855,k12sysadmin,1hwthy5,m6adwu3,"Did anyone say how the support contractor's account was compromised?  Phishing? Brute Force?  Was there absolutely no MFA on the account?  Is Powerschool support contracted out, or was that contractor a PowerSchool employee?",3,0,1hwthy5,224,False
Billy_Bob_Joe_Mcoy,1736465914,raleigh,1hxqotl,m6baide,Parents FYI.,22,0,1hxqotl,12,False
JT9_ON_YT,1736466467,raleigh,1hxqotl,m6bc5bh,"as a student, ty",7,0,m6baide,16,False
hurricanesfan66,1736466924,raleigh,1hxqotl,m6bdidb,"But PS told us the perp 'deleted' the data.  I'm sure that's true, right?  </sarcasm>",60,0,1hxqotl,85,False
Rusty_Shackleford_NC,1736467096,raleigh,1hxqotl,m6be0ez,Finally some good news! 😂,3,0,1hxqotl,25,False
xampl9,1736467354,raleigh,1hxqotl,m6bes6e,"They have a video of them deleting it!  
It’s as good as gone!",14,0,m6bdidb,62,False
Agitated_Ad7516,1736467765,raleigh,1hxqotl,m6bg0c7,"I’m in the industry the affected company operates in and this about as defcon 1 nightmare as it gets, heads will roll in mass",33,0,1hxqotl,125,False
hurricanesfan66,1736467991,raleigh,1hxqotl,m6bgot2,"Haha, that's right, I did also hear that.  Well video proof.  That definitely ends any speculation then.",4,0,m6bes6e,104,False
Billy_Bob_Joe_Mcoy,1736468172,raleigh,1hxqotl,m6bh8bq,"
>PS told us the perp 'deleted' the data

I mean how do they think people are that gullible.",5,0,m6bdidb,92,False
navytc,1736468184,raleigh,1hxqotl,m6bh9j9,Great way to start off the new year! Fuck this timeline,3,0,1hxqotl,55,False
Billy_Bob_Joe_Mcoy,1736468361,raleigh,1hxqotl,m6bhsjs,Students also...🤣,4,0,m6bc5bh,17,False
Ok_Equipment_5895,1736469496,raleigh,1hxqotl,m6bl8cj,What do you mean? “You have to trust the hackers” doesn’t instill confidence in you?,3,0,m6bh8bq,84,False
MR1120,1736469589,raleigh,1hxqotl,m6blilo,"“You have to put your trust in the attackers who are going to say that they destroyed it and that they’re going to abide by their word,” he said.

Oh come the fuck on.",28,0,1hxqotl,167,False
sonichappyhour_,1736470030,raleigh,1hxqotl,m6bmvi4,"yeah I teach high school and was NOT
prepared for this email because this also affects teacher data :)",8,0,1hxqotl,102,False
raddu1012,1736470931,raleigh,1hxqotl,m6bpkyy,Y’all let me know if there’s a class action,10,0,1hxqotl,43,False
orphantech,1736472097,k12sysadmin,1hxedsq,m6bt1d1,"I received our notification on Jan 9 at 4:56pm MST with two template messages - one for staff and one for families.  Personally, I tend to like what other districts had already posted as ""official"" statements.  That said, do what your district's legal team says.",4,0,1hxedsq,262,False
Billy_Bob_Joe_Mcoy,1736472192,raleigh,1hxqotl,m6btbmj,Literally anyone saying that should never have access to or be responsible for or set policy that impacts any data in any electronic format in use now or in the future.,17,0,m6blilo,168,False
hurricanesfan66,1736472353,raleigh,1hxqotl,m6btt2x,"I think PS is hoping their shareholders, or Bain Capital who owns them, are the gullible.  Hopefully massive lawsuits start rolling in.",3,0,m6bh8bq,135,False
Billy_Bob_Joe_Mcoy,1736472577,raleigh,1hxqotl,m6buhfg,Bain capital..... So this is just another venture capital failure.,2,0,m6btt2x,66,False
findthejoyhere,1736472583,OntarioTeachers,1hwx1n1,m6bui2o,"Yup. The report card software when I started teaching 25 years ago was more user friendly than PowerSchool, and we had to upload/backup onto FLOPPY DISKS!!! Then we had a couple of even better programs ands then…this. Only tech that has gotten worse and less user friendly in my lifetime.",2,0,m68eqva,288,False
hurricanesfan66,1736472904,raleigh,1hxqotl,m6bvgdr,"I couldn't speculate...I know some of PS and similar companies, and none of them probably have the staffing/security in place like they should, but I don't know if that is a function of being owned by venture vultures or not.  These issues could be there if still owned by their original owners.  They had a webinar with tech folks today and this was shared:  

>they are stating that this was initiated via compromised credentials of an employee with Power Source, one of their “sub-contractors”. So Power School allowed one of their contractors to operate without MFA…???

That kind of stupidity could be there with or without parent company owning them.",6,0,m6buhfg,656,False
gaukonigshofen,1736472919,raleigh,1hxqotl,m6bvi1q,Bet the data includes former students/staff,3,0,1hxqotl,43,False
Digisticks,1736473954,k12sysadmin,1hxedsq,m6bylr0,"Our state released draft language in a memo. Copied, added my district info, added one additional line, and sent to our schools and social media channels Wednesday afternoon. Have gotten not the first question as of end of day Thursday.",6,0,1hxedsq,236,False
Billy_Bob_Joe_Mcoy,1736474447,raleigh,1hxqotl,m6c02j4,"Ah the classic deflection, the old ""sub contractor"" screwed up.  PS it CIO and staff own those contracts and are 100000% responsible for its care. They don't want to keep is safe then every professional accreditation they all gave need to be revoked.",-1,0,m6bvgdr,250,False
J_de_Silentio,1736474509,k12sysadmin,1hxedsq,m6c091t,">So you confirmed in your firewall logs the connection attempts? 


Yes.  We had failed connection attempts from the identified IP on December 21.",4,0,m68zax2,146,False
Billy_Bob_Joe_Mcoy,1736474688,raleigh,1hxqotl,m6c0rx8,Always seems to in situations of this magnitude so probably a safe bet.,1,0,m6bvi1q,71,False
bad_brown,1736475001,k12sysadmin,1hwthy5,m6c1oid,"If a basic support user can leverage maintenance backdoor access to all SIS instances, including on-prem (by default), I would be led to believe anyone could. Full. Admin. Access. At all times.

The list was just pulled from their logs, that doesn't seem terribly difficult to believe. All of the actions by the threat actor were logged.",1,0,m662rh0,337,False
SnowLepor,1736475024,raleigh,1hxqotl,m6c1qye,I’m so tired of this crap. My data has been leaked in no less than 6 incidents in the last two-three years. All you get is some temporary credit monitoring and then it expires and you are fucked.,25,0,1hxqotl,195,False
bad_brown,1736475074,k12sysadmin,1hwthy5,m6c1w4w,Not a Powerschool SIS customer. Just means those users are paying for other Powerschool-owned products. I have a district that just uses SchoolMessenger.,2,0,m6521oj,153,False
kramer753,1736475271,raleigh,1hxqotl,m6c2gv4,Freeze your credit with the 3 major credit bureaus. You can do it online without calling anybody.,6,0,m6c1qye,97,False
SnowLepor,1736475532,raleigh,1hxqotl,m6c38gy,"Yeah I did that. But there are so many other things they can to make your life hell. In addition, I found there are two other agencies that you really have to get them frozen with. Chexsystems as the first one off the top of my head and I can’t remember the other.",6,0,m6c2gv4,264,False
lifeisaparody,1736475633,k12sysadmin,1hwthy5,m6c3j9y,"So that maintenance account isn't the only one that has full admin access and there are others?

So that's the part that confuses me - how'd they (PowerSchool) log what the threat actor did against locally-hosted sites? Isn't it a direct connection between the threat IP and the target?",1,0,m6c1oid,286,False
bad_brown,1736475984,k12sysadmin,1hwthy5,m6c4js0,"The account used is a global maintenance account. As I understand it, it's like default domain administrator in Microsoft speak. The account ID is listed as taking the actions, and it shows the connection IP of the account, which in this case was via a VPS provider hosted in Ukraine.

If it were me, I'd just filter the logs for that IP to track, and then run it again and filter for any actions taken by the maintenance account within a time frame, then run it again and filter for any specific commands sent across all time (like dumping entire user tables).

Then I'd have a pretty good picture of what happened.",2,0,m6c3j9y,616,False
TinaLove85,1736477915,OntarioTeachers,1hwx1n1,m6ca3zs,I believe Powerschool bought the company that supported Trillium and then after a few years said Trillium is shutting down so either switch to Powerschool or another company. Probably said they will 'seamlessly' transfer all the student data so many boards went with them.,2,0,m68jp3p,272,False
lifeisaparody,1736479535,k12sysadmin,1hwthy5,m6cena3,"That's my understanding of what the maintenance account is - my question is that if they prioritized shutting it down, how then did they get access to the affected sites to do investigation? Do they have *another* maintenance account?",1,0,m6c4js0,234,False
bad_brown,1736479637,k12sysadmin,1hwthy5,m6cexf0,"No. They didn't shut down the maintenance account, just user access to it. Except for 4 people on the CISO's IR team.",1,0,m6cena3,117,False
jeanie1994,1736479736,raleigh,1hxqotl,m6cf79o,"Thanks for posting as the school districts haven’t bothered to say anything. They may not have details yet, but they send texts and emails about every other piddling thing so they could’ve said something.",9,0,1hxqotl,204,False
DaddyBok1,1736482919,raleigh,1hxqotl,m6cnq9j,I guess it's pretty widespread - same data breach being reported in the school boards around Toronto.,2,0,1hxqotl,101,False
Rich_Housing971,1736484544,raleigh,1hxqotl,m6crmqe,"Even though the article itself has few useful details about the attack itself, it reads as if the hackers exfiltrated the data, then held it in ransom for the payment of $$$$ in crypto, and then PowerSchool paid the random, and then hackers claimed they deleted the data.

""Claimed"" is the keyword here.",1,0,1hxqotl,303,False
Mondschatten78,1736500418,raleigh,1hxqotl,m6dkesn,"Thank you. I'm in western NC, and there has been no word of this from my daughter's school. They're still on this system.",6,0,m6baide,121,False
TheJizzle,1736515511,k12sysadmin,1hxedsq,m6ecnjw,"Here's what my kid's school sent:

On the afternoon of Tuesday, January 7, 2025, our school district was informed by PowerSchool of a recent cybersecurity incident within the PowerSchool Student Information System (PowerSchool SIS). This incident has had a global impact on its customers, including our district. We are writing to share the information we have at this time, and outline the next steps in our response.

 

We recognize that incidents like this can cause significant concern, as protecting the privacy and security of personal information is a top priority. Please know that we are working with PowerSchool to better understand the scope of the cybersecurity incident and to ensure that appropriate measures are taken to safeguard the information. We will keep you informed of developments as they become available from PowerSchool. 

 

Description of the Event

On December 28, 2024, PowerSchool discovered that a threat actor had accessed personal employee and student information from customers using the PowerSchool Student Information System (PowerSchool SIS). The threat actor exploited the user account of a PowerSchool technical support employee, allowing rapid access to and the downloading of millions of records from schools throughout the country between December 19 and December 24, 2024. This incident did not involve our school district’s network security or infrastructure. 

 

More importantly, no passwords, social security numbers, or financial information was impacted by this incident. The type of information accessed varies by individual but may include student names, student ID numbers, parent/guardian contact information, dates of enrollment or withdrawal reasons, limited medical alert information (e.g., allergies or other conditions), and IEP/504 status. 

 

Although PowerSchool has assured us that the risk of data dissemination or misuse is low, we remain vigilant and are leveraging all available resources to thoroughly assess the situation. 

 

Next Steps in Response 
Our Technology Department continues to review data and assess any additional actions that may be necessary. We are collaborating closely with other impacted school districts and leveraging our membership in both statewide and national educational technology organizations to ensure we have taken every possible step in responding to this cybersecurity incident.

 

PowerSchool has provided the next steps it is taking in response to this incident:
 

    PowerSchool has engaged a third-party, cybersecurity firm, to investigate the incident. 
    PowerSchool has implemented additional information security best practices requiring updated credentials for all employees, and restricting access to their support system tools. 

 

Additionally, in accordance with the Student Online Personal Protection Act (SOPPA), the school district has prepared additional contact information accessible through a separate document that has been created and posted on our website.

 

If you have any questions regarding this incident, please email [director], Director of Technology, at [email]",5,0,1hxedsq,3108,False
sin-eater82,1736515973,k12sysadmin,1hy4bgy,m6eduin,Start by not doing business with companies that won't attest to having these practices in place.,6,0,1hy4bgy,96,False
geekender,1736516057,k12sysadmin,1hy4bgy,m6ee2f1,Start talking to your superintendent. Have them talk to the legislators to codify changes. Make these practices part of the selection process locally. Talk your your state DOE about how they can make them part of the state selection process. Ask your neighboring districts to do the same.,8,0,1hy4bgy,288,False
linus_b3,1736517042,k12sysadmin,1hy4bgy,m6egqee,"We use a small company that creates data dashboards for us in PowerBI.  They've called me multiple times now to alert me to security issues they found with other vendors while pulling data on our behalf.  In one case, they discovered the account we created for them on one platform could see every district's data - not just ours.",13,0,1hy4bgy,330,False
mybrotherhasabbgun,1736517683,k12sysadmin,1hy4bgy,m6eihnw,We started using student data privacy agreements and filing them here: https://sdpc.a4l.org/ along with asking about data compliance and cybersecurity frameworks used by the vendors.,21,0,1hy4bgy,182,False
EdTechYYC,1736517708,k12sysadmin,1hy4bgy,m6eik1i,Whole process has me reviewing a lot of contracts and some don’t even have this in their terms of service and what not. A big yikes.,9,0,1hy4bgy,132,False
profmathers,1736520257,k12sysadmin,1hy4bgy,m6epv0k,"^this right here.  That said, part of the reason their practices are poor is that niche software sold at the lowest possible price has to cut corners somewhere.  Governing bodies are not prepared as usual to pay (us and) the vendors to do the expensive work of securing their product to protect our data.",2,0,m6eihnw,304,False
OkayArbiter,1736520651,k12sysadmin,1hy4bgy,m6er1ph,You assume that random superintendents or directors aren't the ones buying these products.,7,0,m6eduin,90,False
diwhychuck,1736520712,k12sysadmin,1hy4bgy,m6er8ks,You're a funny guy! Most supers will just give a thumbs up and do nothing.,10,0,m6ee2f1,74,False
Crystalvibes,1736521549,k12sysadmin,1hy4bgy,m6etuh9,"One thing that has surprised me about this is some the responses I have read on this forum and others.
There are many responses basically saying that no one will or should change vendors of service in response to a breach like this.
As a SIS admin, the thought of a SIS change scares me throughly, and no organization is obligated to react to this in any specific way. 
However, how else do we hold vendors accountable to security standards or improvements if they don’t lose customers (and ultimately $$$) as a result of their actions?
In education even more so than business, vendors know how hard it is for orgs to switch off of their services and then regularly use this to justify poor service.
I wonder if this event will change attitudes from both vendors and education organizations in that regard.
Or do we have to rely on more legislative action to advocate for change?",7,0,1hy4bgy,879,False
chickentenders54,1736521861,k12sysadmin,1hy4bgy,m6euu4i,"Seems like we need government regulation. If a company wants a contract from a public entity, then they must adhere to x, y, z security policies. 

In a perfect world, that would help. In reality, idk.",12,0,1hy4bgy,201,False
Timewyrm007,1736522533,k12sysadmin,1hy4bgy,m6ewznu,"This shady company that I bought software from has a kitten walk across the screen everyday and say good morning.

The salesman, whom I met in a dark alley, also says it will raise student attentiveness by 20% and grades by 79% ( \*\*it's easily hackable and  for everyone to infiltrate and raise their own grades\*\*) and they will provide a KPI to prove these metrics.

And it runs on Linux, I know Linux is safe they mentioned have to spin up a distribution called Kali and them needing continual access to it.",3,0,m6er1ph,513,False
Limeasaurus,1736524515,k12sysadmin,1hy4bgy,m6f3iv0,"We have Act 754 her in Arkansas. We have to get a contract signed with a list requirements from each vendor. It’s been interesting see which vendors agree or cross out line items. It’s been a wild ride, and a disappointment.",3,0,m6euu4i,224,False
sin-eater82,1736524660,k12sysadmin,1hy4bgy,m6f40lb,"I don't assume that at all.

I know that's a thing.  What a silly comment.   It takes a lot of effort, but you need to work with those people on the business side to help them understand why it's important.

A LOT of school systems have implemented these sorts of review processes.  1EDTech has a questionaires people can use, there are other organizations with forms you can adopt that are intended to make it simpler since they are standard forms that the vendors have likely seen before.

But to your point, yes, step 1 is getting your school system to buy into the need to vet these products.  100%.

No assumptions here.  Just work in a school system that has implemented this practice.",3,0,m6er1ph,691,False
Sk1llPo1nt,1736525296,k12sysadmin,1hw1m3x,m6f65bp,Can anyone confirm if the export included inactive records? I've asked PowerSchool for clarification but am waiting for their response. Thought I'd check here.,1,0,1hw1m3x,159,False
Madd-1,1736525350,k12sysadmin,1hy4bgy,m6f6bwk,"CISA recommendations are to make sure vendors do not use generic passwords, enable 2FA as the default configuration for product installation, provide secure systems by default not as optional additions, and provide default SSO configuration as part of the contracted onboarding, but without true regulation it is only a recommendation.

You as the district would have to actively write it into your vendor contracts.",7,0,1hy4bgy,416,False
squad_dad,1736525817,raleigh,1hxqotl,m6f7wuf,"I used to work for a competitor of Powerschool, and I cannot imagine the utter shit storm they'd go through if it happened there.",3,0,m6bg0c7,129,False
schmag,1736526615,k12sysadmin,1hy4bgy,m6fao4f,"TBH, and maybe I am a little jaded, but my experience is WE as a community cannot. these crackers certainly can and likely did.

every EDtech company I have seen is in it for the easy edtech tax and grant money, charging an arm and a leg for a mediocre/shit product with garbage service because they can. 

Hell I still remember the days of setting 5 machines to download the NWEA data before I left for the day with the HOPE that one of them will succeed. I remember setting up an RDP server and buying licensing just so we can run NWEA as a remote app because it would not run for shit over wireless and we didn't have any hardwired labs.

hell I just setup a fucking math resources app last year that I haven't seen in >10 years and they hadn't changed in ten years. they are still selling the same over-priced shit with win98 and XP instructions...

until it bites a company in the ass like what happened here and forces them to change the money will keep rolling in and they will continue as is...",15,0,1hy4bgy,1002,False
schmag,1736527048,k12sysadmin,1hy4bgy,m6fc5ol,"this is why I say WE as a community cannot affect change in this regard. 

districts will continue to the use the product regardless of what happened, the money will keep rolling in and nothing will change.

however now, I am guessing they just paid this group off, and all this negative attention will likely force their hand to at least increase the theatre around security. 

but in the end, the crackers are really the only ones that can hold a company accountable for shitty security practices.

most of those I have contact with that would be able to make the decision to change, seem to regret having to deal with the fall-out and clean-up more than the fact data was stolen.",3,0,m6etuh9,682,False
DerpyNirvash,1736527909,k12sysadmin,1hy4bgy,m6ff563,"> along with asking about data compliance and cybersecurity frameworks used by the vendor

Same, though I honestly expect that most are lying",6,0,m6eihnw,141,False
Chuckfromis,1736527946,k12sysadmin,1hw1m3x,m6ff9sr,"Everything in your students and teachers tables were taken. I'd just export the students table, and search for the names of someone who graduated 1/2/5/10 years ago. Then you can be 100% sure.",1,0,m6f65bp,192,False
mybrotherhasabbgun,1736528795,k12sysadmin,1hy4bgy,m6fi7oo,"Yep, but that's on them when they get hacked. I can produce the document where they said they were compliant. Doesn't change the fact that our data is out there but definitely demonstrates duty of care on our part.",3,0,m6ff563,214,False
Crystalvibes,1736529941,k12sysadmin,1hy4bgy,m6fm6aj,"If that’s true that only hackers can enforce change and the admin only care about clean up after, why do we bother to enforce data security at all?
Maybe it’s because I’m still relatively new to Edtech (and IT in general, less then 10 years) but I’d like to think that as an EdTech community we can work together to hold these vendors accountable.
Develop the EdTech community with open source tools, and support networks for moving systems with all of the fun “special” nuances that come with EdTech. 
Or maybe we really have to just suck it and brace for impact and I’m just extremely naive about the ways of the EdTech world (wouldn’t be the first time)",2,0,m6fc5ol,656,False
hightechcoord,1736530167,k12sysadmin,1hy4bgy,m6fmyuy,We have a new SB 29 here in Ohio for this exact reason.,4,0,m6euu4i,55,False
combobulated,1736530189,k12sysadmin,1hwthy5,m6fn1qb,"Which means ... the account (and access) still exists and is still useable?

It's a bit confusing to me too.

The nature of this sort of built-in account, to me, implies that there's no way to change it (aside from perhaps a code change in the product itself).  There's no password change/username, change/block access, right? Because it's baked in to every instance.  In theory, those instances could be not connected to the internet and the account would still exists, still authenticate, and still be useable (locally).

It's a back door in.  You can lock the door when you want, but you can't remove the door or change the locks.

Again, if I'm understanding it correctly - what they did now is try to put another door in front of that one.",1,0,m6cexf0,744,False
GeekFarm02,1736530470,k12sysadmin,1hy4bgy,m6fo0j6,"Exactly. We recently had a huge FERPA meeting in our area and at the end of it all, everyone looked around and thought, ‘That’s great, but how can we do this without hiring more people.’ I’ve talked to multiple supts about this exact topic and there are bigger fish to fry with figuring out how we are supposed to keep schools running with a 1.5% funding increase for next year.  Thinking or doing anything about this takes time and money. Both of which are already very scarce. They know the risks and there is nothing than can be done.  The reality is that most everyone’s PII is already out there (if not for this breach, then that one) and you have to protect yourself with frozen credit reports, etc.",3,0,m6er8ks,705,False
schmag,1736531480,k12sysadmin,1hy4bgy,m6frjnz,"well. we have been using powerschool for over ten years in this district, while I have seen changes I haven't seen anything along the lines of changes to affect the security of the end-user...

I don't remember when exactly and I believe they changed things since then but I remember sending an email to our state Powerschool rep/tech org because I was working on replacing a teachers PC when i noticed each time they would open their gradebook they would download a new file and open it.

well I noticed that I could take that file to another PC, open it, and be logged right into that teachers gradebook. I was basically told to pound sand in thinking that this was problem, even though I was sitting at home opening a teachers gradebook without authenticating anything... 

they certainly didn't change anything because of me, it was just in the products life-cycle to change, but that had been that way for I would say years before I noticed it and likely as much time afterwards.

yeah, after these years of seeing this shit and nothing changing until the snake bites them I have become a bit jaded, a bit cold to my information being stolen because even oftentimes when it is... nothing changes... except theatre...",2,0,m6fm6aj,1221,False
Camera_dude,1736532568,k12sysadmin,1hy4bgy,m6fvcgt,"Zero trust.   Treat ALL vendors and systems as potentially compromised and build layers protecting your internal systems from intrusion.  Next gen firewalls, segmenting your web hosting from the rest of your network, and monitoring for unusual network activity.

As for outgoing data being compromised on the vendor's systems, that's for Legal to deal with.  Write contracts that specify data security for hosting PII, and if they get hacked, those contracts will protect the school district from liability.   That's what the Legal team is for.",19,0,1hy4bgy,544,False
bad_brown,1736532638,k12sysadmin,1hwthy5,m6fvl46,"They disallowed all powerschool employee users from self-escalating to have maintenance access, and supposedly are building in some controls where the maintenance access won't be persistent. I don't think that's near enough, but that's what they said.

Server instance maintenance should be completely separated from customer data, which should be siloed and no-knowledge to Powerschool staff. Any access to customer data should be expressly allowed via a manual action the customer takes within their Powerschool portal. LIke a support page with a toggle to 'allow Powerschool support access' and set a timer on it. I have a number of other tools I use with similar controls.",1,0,m6fn1qb,676,False
Dar_Robinson,1736533949,k12sysadmin,1hx2ghr,m6g05ha,I don't see any sponsorship link to join for free.,1,0,1hx2ghr,50,False
Disastrous-Spell-573,1736534674,k12sysadmin,1hw1m3x,m6g2o0p,Yep. All historic student records were taken from us.,1,0,m6f65bp,53,False
shredu2,1736534803,raleigh,1hxqotl,m6g349t,"The company deactivated the compromised account and restricted access to the affected data portals.

\- A contractor had restricted access to sensitive data

Two tables, both that primarily include contact information for families and educators. For some customers, those tables can include social security numbers and other personally identifiable information. Customers, such as DPI, can tailor their use of PowerSchool to include or not include certain information. It’s unclear if North Carolina had social security numbers in those tables.

\- Only two tables? I thought it was entire portals? And what was this contractors role? Why weren't these fields encrypted? Why can't you tell if NC had SSNs in place, being everyone seems to have access to everything? Usually parents have to share this data right? Somebody knows

Wrenn told WRAL News the department believes demographic information is primarily what was illicitly accessed. She doesn’t expect medical or individualized education plan information to be included.

\-GOSH DARN DEI HATERS, DEFINITELY THE ONLY REASON WHY SOMEONE WOULD HACK OUR SCHOOLS! bullshit.

Even if a school has already begun using Infinite Campus — which will eventually replace PowerSchool statewide — their data from prior years is still in PowerSchool, Wrenn said.

\-No reason to keep this data on hand, LITERALLY YEARS LATER.

And there may not be anything for Education to do to fix this, but they need to vet these trash vendors.",1,0,1hxqotl,1473,False
Billy_Bob_Joe_Mcoy,1736535454,raleigh,1hxqotl,m6g5ehg,">
\-No reason to keep this data on hand, LITERALLY YEARS LATER.

>And there may not be anything for Education to do to fix this, but they need to vet these trash vendors.

Everything you said is spot on but you saved the best for last..

Public data should be 100% purged in situations like this. If it needs to stay around it should be glacier or off line storage with highly restricted audited access.

Trash vendors, part of the issue is that they have to use lowest bid vendors which doesn't exactly mean you will get top tier service. I'm not Clear on how the bidding process works in detail but there should be clauses to allow for higher bid jobs in some situations with sensitive data sets.",2,0,m6g349t,698,False
Billy_Bob_Joe_Mcoy,1736535539,raleigh,1hxqotl,m6g5pam,No word from wake either. But you bet your ass imma get the principles message on that new football fundraiser for a new score board.,4,0,m6dkesn,133,False
Billy_Bob_Joe_Mcoy,1736535618,raleigh,1hxqotl,m6g5z6l,Power schools is a (was a) widely used app in education.,2,0,m6cnq9j,56,False
Billy_Bob_Joe_Mcoy,1736535665,raleigh,1hxqotl,m6g65ak,Exactly.. Hey don't forget to fund that new football sign.. FFS,1,0,m6cf79o,63,False
dallywolf,1736536260,k12sysadmin,1hy4bgy,m6g86yi,"We have those in place but contracts with vendors don't negate the hundreds of hours you'll spend cleaning up the mess, the forever risk to the students by having their information compromised and the community will still lose faith in the school district for using said vendor.  While legally we are protected but that also doesn't protect the student from future harm.",4,0,m6fvcgt,370,False
k12techpro,1736540984,k12sysadmin,1hx2ghr,m6gobhx,"When you fill out the vetting form, it's on the last page.",1,0,m6g05ha,58,False
NorthernVenomFang,1736541471,k12sysadmin,1hx2hhh,m6gpyun,Yes and no.... It was an account that had access to maintenance utilities to connect into PowerSchool instances via the built in maintenance account.   From my understanding the maintenance accounts use a bearer token or a certificate credential based auth into PowerSchool systems that gets updated during upgrades/installs; it completely bypasses the standard login pages or OAUTH/Saml logins.,2,0,m663g29,395,False
NorthernVenomFang,1736541550,k12sysadmin,1hx2hhh,m6gq8k6,I was in on the first webinar; fairly certain they said it is protected by MFA  & VPN now... Leading me to believe it was never protected by either 🤦‍♂️,3,0,m664alr,152,False
NorthernVenomFang,1736541703,k12sysadmin,1hx2hhh,m6gqr68,"Yes and it only takes one attacker say ""f@ck it, I want more"" and sell the data anyways.  I wouldn't be surprised if the data is on some hard drive in a safe/safety deposit box in a bank somewhere for the attackers just waiting for everything to blow over in a couple years to cash it out.",2,0,m683u4v,289,False
ZaMelonZonFire,1736543541,k12sysadmin,1hy4bgy,m6gwyt5,"Here in Texas many of us are using the SIS called Ascender, provided by ESC20.  I've been crying to my ESC reps for years and repeatedly inquiring about 2FA or MFA, as there is currently nothing but a username and password.  I keep getting told ""it's in the works.""   Is it though?

Ascender is available online for anyone to log into.  My fear is and has been that if they suffered a data exfiltration, it could happen they might not even know.

Hopefully this incident will spur better security practices in our industry.  This is why I have trust issues!",13,0,1hy4bgy,557,False
intimid8tor,1736547322,k12sysadmin,1hy4bgy,m6h9e6a,Evaluate [GG4L](https://gg4l.com/),5,0,1hy4bgy,34,False
Majestic-Cap-3634,1736549649,k12sysadmin,1hwthy5,m6hgpb1,"I didn’t hear how they were compromised, I just basically heard them say (on the second webinar) that the credentials found their way to the dark web and that’s where they were gotten ahold of.",1,0,m6adwu3,193,False
vawlk,1736550013,k12sysadmin,1hx2hhh,m6hhthm,"maybe. there's no 100% way to know either way. but if attackers didn't keep their word in these situations no one would ever pay. 

see the thing is, the data wasn't that valuable. it contains mostly the same information that you fill out when you create an account on a website somewhere. there's no financial information, there's no medical records, no social security numbers, no passwords, it's basically just names addresses and phone numbers.

there were a lot more sensitive information that could have been exported but the attackers only exported two tables out of the whole database on each system. 

they can try to sell them in a few years but at best it would require a metric shit ton of social engineering for every single student record in order to try to gain from the data. 

the data was simply way more valuable to PowerSchool and their reputation then it's actual value on the black market, imo.

my kids information is in this hack, and it doesn't worry me at all because I know exactly what they got, and it wasn't anything they haven't already given out.",1,0,m6gqr68,1078,False
NorthernVenomFang,1736550110,k12sysadmin,1hx2hhh,m6hi443,Except for the boards/division/districts who where required to store SSN and Health care numbers...,2,0,m6hhthm,99,False
rilian4,1736550928,k12sysadmin,1hy4bgy,m6hkjty,"> until it bites a company in the ass like what happened here and forces them to change the money will keep rolling in and they will continue as is...

This is the simple truth... Overwhelming number of examples backing up your statement. No PR issue? they won't fix anything.",1,0,m6fao4f,276,False
walking-the-world,1736553799,Internationalteachers,1hyifqc,m6hszm0,"Yep.  Got a message from our tech director that our school was hit.  It was a ransomware attack where PowerSchool had to pay to get the stolen information digitally shredded.  Apparently none of the data was released elsewhere, but who knows?",4,0,1hyifqc,242,False
Smiadpades,1736556678,Internationalteachers,1hyifqc,m6i1glu,"Yep, got it yesterday. I am in South Korea and any data breach is a huge mess in South Korea because the laws requirement you report to the government in length of what happened within 72 hours. Even though Powerschool has known for months!

We got a little different info on the breach - 

Student and Parent Names

Demographic information such as Date of Birth and current grade.

Contact details such as parent and student email addresses, phone numbers, and home addresses.

Staff names and email addresses

No academic records, financial information, or photos were affected by this breach.",3,0,1hyifqc,595,False
vawlk,1736557969,k12sysadmin,1hx2hhh,m6i59nc,"yeah and the majority of schools don't have that information anymore. while there may be some out there. there isn't any reason for schools to have social security numbers. we were required to remove that years ago. that field isn't even in our student table anymore. 

we don't know the details of the transaction between PowerSchool and the threat actors. there may be stipulations in there that say they get paid more later on if none of the data shows up. we will probably never know that. 

it sucks that it happened, it could have been way worse for the schools , students, and teachers. but in my opinion, the target was PowerSchool and not it's customers.",1,0,m6hi443,663,False
Mundane-Penalty9596,1736562705,raleigh,1hxqotl,m6ij0ck,This is the last year of PowerSchool. The state is switching to Infinite Campus. Thank god because PowerSchool is a money pit.,1,0,1hxqotl,126,False
SomchaiTheDog,1736565309,Internationalteachers,1hyifqc,m6iq589,"I'm not a criminal, but if I was, I probably wouldn't have a problem with lying.",2,0,m6hszm0,80,False
rlw21564,1736565736,raleigh,1hxqotl,m6ira11,Maybe someone was trying to destroy their PERMANENT RECORD.,1,0,1hxqotl,59,False
aplarsen,1736572128,k12sysadmin,1hy4bgy,m6j6u26,You just took me back on the NWEA thing. Those were the days.,2,0,m6fao4f,61,False
Lingo2009,1736573388,Internationalteachers,1hyifqc,m6j9fcn,Yep. We had it here where I live.,2,0,1hyifqc,33,False
AwardPuzzleheaded640,1736578845,Internationalteachers,1hyifqc,m6jjesa,"We had it here, too and I'm not in Asia.",2,0,1hyifqc,40,False
karmicwarri0r,1736584640,Internationalteachers,1hyifqc,m6jsnin,"Exactly, who knows!",2,0,m6hszm0,19,False
karmicwarri0r,1736584743,Internationalteachers,1hyifqc,m6jst6u,I appears to be global with. many international schools impact and the pace at which such exfiltration happened points at use of bots and scripts. Geez!,2,0,1hyifqc,152,False
Pitiful_Ad_5938,1736585962,Internationalteachers,1hyifqc,m6juo1d,"Meanwhile Apple's siri listens to everything you say and shares it with ""partners"". Fined a mere $95M last week but the 4 trilion mega company continues to brainwash everyone how ""privacy"" is what drives.

I love it when people tell me ""I use iPhones bcoz of privacy"".

Privacy on any device that connects to the internet is like telling me that ""capitalism serves 
 the masses"".

Google, Samsung, Apple, powerschool plus anything which collects data via the internet is never safe. That is why I dont keep any of banking passwords on any ""cloud"". The bank can still get hacked but at least , my password is just with the bank",0,0,1hyifqc,626,False
boilermakerteacher,1736617671,Teachers,1hz18no,m6lviio,At least someone bothered to access the kids grades.,278,0,1hz18no,52,False
Several-Honey-8810,1736618009,Teachers,1hz18no,m6lwm1z,We got the same message from tech.  I dont think financial or SSN's are in that system. Nor would they need to be. So everything is TBD.,32,0,1hz18no,136,False
Previous-Recording18,1736618661,Teachers,1hz18no,m6lyptc,They did a webinar and there's a summary here: [https://www.reddit.com/r/k12sysadmin/comments/1hwthy5/powerschool\_breach\_webinar/](https://www.reddit.com/r/k12sysadmin/comments/1hwthy5/powerschool_breach_webinar/),8,0,1hz18no,215,False
Ok_Adhesiveness5924,1736619082,Teachers,1hz18no,m6m02c1,"My district keeps all student and parent contact info in PowerSchool, I'm not sure if that includes SSN's in my district, but PowerSchool reported that some SSN's were breached. And also some grade info. I agree I don't think financial info is directly involved.


I guess I can be patient and see what comes!",12,0,m6lwm1z,309,False
irld,1736619443,Teachers,1hz18no,m6m186k,"Essentially…hacker got into power school at the top level, exported all of the tables from every environment they could, and held the data hostage.  PowerSchool paid the ransom, had them delete it all on video, and has partners monitoring the dark web for any of the data being made public. 

Depends on what fields are filled out in PowerSchool for your organization.  They had the table for every student/teacher so any field filled out they have. 

We shall see if they (hacker) truly deleted the only copy they have or not.",12,0,1hz18no,527,False
eldonhughes,1736619526,k12sysadmin,1hwthy5,m6m1hvx,"Which was my first thought. Turns out, that is what is/was happening in some cases, but not all.",1,0,m6c1w4w,96,False
TeacherLady3,1736621616,Teachers,1hz18no,m6m88a7,Maybe they should block it like they did Teachers Pay Teachers.,28,0,1hz18no,63,False
MTskier12,1736622515,Teachers,1hz18no,m6mb4di,"I would guess most schools aren’t keeping teachers SSNs in PowerSchool, since most schools have different staff software for pay, etc. I work at a PowerSchool using school and all they got was information that’s already publicly available.",8,0,1hz18no,239,False
DADNutz,1736623231,Teachers,1hz18no,m6mdfus,Lol,9,0,m6lviio,3,False
PronatorTeres00,1736624124,Teachers,1hz18no,m6mgalz,Omg TpT has been my lifeline over here 😬,9,0,m6m88a7,40,False
wyldtea,1736625702,Teachers,1hz18no,m6ml8je,"I am frustrated by my districts move to do this, and  after they blocked it they block us from using our budgets to buy materials too.",5,0,m6m88a7,134,False
Earllad,1736630459,Teachers,1hz18no,m6mzy9w,"Damn, sick burn",7,0,m6lviio,15,False
stillinger27,1736640649,Teachers,1hz18no,m6nv3m6,"You laugh, but in my school system they still make us email parents grade updates (they also don’t check those) along with the 24/7 gradebook. Bonkers.",7,0,m6lviio,151,False
jdog7249,1736643144,Teachers,1hz18no,m6o2v73,"This is what my district said in their staff (and parent/family) email. 

>As of today, the district’s internal investigation determined that impacted information does not include any of the following: 

>Social Security Numbers 
>Banking Information 
>Credit Card Information 
>Passwords and Login Credentials 

I am not sure if they even store things like SSN in power school though.",4,0,m6m02c1,385,False
cruisingthroughlife1,1736645998,Teachers,1hz18no,m6ob7h2,I thought we were the only ones!,2,0,1hz18no,32,False
Mevakel,1736647036,Teachers,1hz18no,m6oe97k,"I'm wondering, too. Most schools only use PowerSchool for grades and parent contact information. There's probably some IEP and 504 stuff in there, but I think most data is publicly accessible already.",2,0,m6mb4di,200,False
MTskier12,1736647181,Teachers,1hz18no,m6oeo43,"At least for us, the actual document for IEPs and 504s arent even stored there, just the flags.",3,0,m6oe97k,95,False
Mevakel,1736647309,Teachers,1hz18no,m6of1wc,"Same, we just log the accommodations there, but the actual documents are stored in a different state-mandated piece of software.",1,0,m6oeo43,128,False
OuisghianZodahs42,1736649994,Teachers,1hz18no,m6omodr,FR,1,0,m6lviio,2,False
averageduder,1736654309,Teachers,1hz18no,m6oy3yc,We were told twelve people in our district had socials in there. I’m not even sure where they would be.,2,0,m6lwm1z,103,False
cellists_wet_dream,1736654600,Teachers,1hz18no,m6oyu1x,What on earth is the rationale here??,1,0,m6ml8je,37,False
anewbys83,1736657793,Teachers,1hz18no,m6p67o6,My school sent us an email about this. They're not yet worried about it.,3,0,1hz18no,72,False
Brief-Armadillo-7034,1736661068,Teachers,1hz18no,m6pd0be,We got a notification about this also and now I'm concerned about what info of mine was stored in PS.,1,0,1hz18no,101,False
_contrabassoon_,1736664464,Teachers,1hz18no,m6pj9nn,"It depends on the district. It is possible for districts to store SSNs and financial data in PowerSchool, but not all do. I am lucky that mine doesn't, but since some do, that is why the news reports say that it was included",3,0,1hz18no,224,False
lifeisaparody,1736665519,k12sysadmin,1hx2hhh,m6pl44t,"What is confusing/unclear is that the audit logs show the IP address from where the account is connecting from (for the incident, supposedly an IP located in Ukraine), which seems to indicate that this account allows direct remote connections without strong (mutual) authentication. Couple that with the fact that you can 'share' access of that account... is concerning.",1,0,m6gpyun,370,False
salamat_engot,1736668203,Teachers,1hz18no,m6ppj6x,Our district didn't use PowerSchool but did keep everything in one place. I got my W2 from the same place I took attendance.,2,0,m6mb4di,124,False
kain067,1736687976,Teachers,1hz18no,m6qn2w9,Remember back in the dumb old days when admin said live gradebooks would save us work? I remember one saying there would be no more report cards or comments.,3,0,m6lviio,157,False
wyldtea,1736689163,Teachers,1hz18no,m6qpw41,"The superintendent didn’t like that some teachers were “double dipping”. Getting paid their normal salary, and getting paid for uploaded materials to TPT, during contract hours. 

For blocking our use of budget, I heard our printing costs were too high and the super blamed it on TPT.",3,0,m6oyu1x,284,False
Sunny_and_dazed,1736694485,Teachers,1hz18no,m6r45az,My district told parents they don’t store SSN in PowerSchool. I guess that’s a plus?,2,0,1hz18no,84,False
CuadQopter,1736735338,k12sysadmin,1hx2hhh,m6uubzs,"What I learned is that we need to keep our collective mouths closed and let the lawyers and insurance carriers lawyers hash it out.   I am an end user/protector of said data and the fact that we pay insane amounts to hire their services (with a contract) and that buys me some protections.   

What it doesn't afford me is my 'opinion' or what they 'should do or shouldn't do'.   

One of the main takeaways that I gathered from our lawyers is - Don't be so quick to voice your opinions on this yet.   Yes, they royally borked.  Yes, you pay good monies to ensure that they are bork resistant.  Yes they failed.  

But make no mistake, their lawyer panel is deep as well.  And its not only for mitigation of situations like this.  They will also not hesitate to gaslight those rogues who want to poo poo on their practices and the results of this breach.",2,0,1hx2hhh,854,False
Froufoxy,1736781937,Internationalteachers,1hyifqc,m6xjuj6,"Thank you uou for the responses, everyone.",1,0,1hyifqc,42,False
k12-tech,1736815107,k12sysadmin,1i0s99y,m70lzpd,"How did we get here? Complete negligence and ignoring all industry standards.

This will be settled by a lawsuit. And unfortunately the costs will then be passed on to their customers. I’m sure next year costs will remain flat as a “gesture of goodwill”, then they’ll hit everyone with 10% increases for the next five years to “increase our cybersecurity infrastructure to meet the growing needs of our clients”. 

Get out while you can!",17,0,1i0s99y,437,False
bad_brown,1736819953,k12sysadmin,1i0s99y,m710shc,"All districts except on-prem that had their own security controls like dropping foreign IPs at the LAN edge.

Just my guess based on the details of the incident and Powerschool's public communications.",4,0,1i0s99y,201,False
NorthernVenomFang,1736820041,k12sysadmin,1i0s99y,m7112hs,"I did some research on the weekend and found over 150 school divisions/districts/states/provinces that reported being part of this breach.   That was just using Google and DuckDuckGo.


As to how we got here...  Shoddy security practices;  remote access application for management put behind a public facing website with no 2FA/MFA, plus a remote access support option being turned on by default.   That should have never been publicly accessible, and the remote access should have been set to be on for only 24 - 72hrs... Not 30 days that they talked about in the webinar...  There commitment to security is appalling.

I watched this video on their YouTube channel from last year and I wanted to hurl:  https://youtu.be/OnPeOHyEGT8?si=ff9vQb87gct_LbkQ",16,0,1i0s99y,753,False
NorthernVenomFang,1736820173,k12sysadmin,1i0s99y,m711hbu,"Lawsuits already started to popup on Friday:
https://news.bloomberglaw.com/litigation/powerschool-sued-over-december-breach-of-student-teacher-data",5,0,m70lzpd,147,False
aplarsen,1736822215,k12sysadmin,1i0s99y,m717vgl,Pretty sure this is how we avoided it.,3,0,m710shc,38,False
jtrain3783,1736829733,k12sysadmin,1i0s99y,m71sozl,"It’s frustrating but not unimaginable in this day and age, unfortunately. I read that 60% of the fortune 100 companies have been in impacted by breaches, so, this incident could happen(d) to any company. I’m not sure any amount of law or agreements would make any more material impact for this situation when nothing can be 100% secure but am not opposed to seeing more strict controls.

Jumping ship is a huge undertaking and would be a knee  jerk reaction with profound disruptions to the entire organization that should not be made hastily. Best to stay in contact with PS and stakeholders  until we see what changes are (or are not) made, then decide.

Silver lining take aways for us are are: review /tighten up governance, review/improve disaster plans and practice scenarios annually. 

“It’s not a matter of if, only a matter of when and how bad “ -some wise person",1,0,m70lzpd,873,False
thetran209,1736837170,k12sysadmin,1i0s99y,m727lq3,Is there a list of which districts or schools that were breached ?,1,0,m7112hs,66,False
Spurgeonist,1736837388,Teachers,1hz18no,m727zn7,"PowerSchool Users/Teachers - firstly *only PowerSchool* is maintaining the bad guys deleted the data and has refused to comment since the initial notification to school districts 10 days after the fact. This “contained” nonsense is PBIS jargon.

***If your district self hosted PowerSchool and geo-blocked Ukraine, you should be fine.***

If your district stores employee SSNs in the “teacher table” - you’re probably affected (former and current) if you self host or cloud host and *don’t geo-block Ukraine.*

If your state requires SSNs for reporting or ever has for students and stores/stored them in their student data table - they’ve probably been compromised if your district’s PowerSchool is on the cloud or self-hosted and you’re *not geo-blocking Ukraine.* (former and current) 

My estimate from reports and articles I’ve gathered and kept with handy AI is about ~8,920,000 students who probably have their SSN now compromised. We’ll see if they ever release real numbers. This is being hardcore suppressed on all platforms. Google it, it’s a legal service you can pay for if you’re as big as Bain Capital (they own PowerSchool as of 2024.)

Now, that’s ~8,920,000 impacted students with SSNs among others PII. That’s only current, doesn’t include the former students who likely now do as well in these same districts. Some districts had info from all the way back to 1995 (all public info you just have to search for it. Newsweek article is great about it.) Do not be comforted by your districts silence or lack of answers from PowerSchool at this point. It’s almost been a month after the breach. That’s why I am doing this. The longer they go without comment, the least attention this gets, the better it is for them and the worse it is for you. When the “official investigation” is over and they actually start admitting to things, take advantage of credit monitoring and all things PowerSchool offers to “make this right” if anything. Assume the worst if you’re in these states, especially where reporting laws have more than likely caused most districts in these states to store SSNs in their student tables:
-North Carolina
-South Carolina
-Florida
-Mississippi
-Georgia
-Louisiana
-Kentucky
-Virginia
-West Virginia

I’m sharing this information to you because we owe it to our school districts, teachers, and kiddos to have their best interest in mind instead of PowerSchools. This was abject negligence on their part and this could have 100% been avoided. These are my own opinions, seriously research it yourself, don’t just buy into the official initial narrative with this one though. Oh and there’s districts outside of those states above that have reported SSNs compromised as well (especially CA) not sure why they were storing them in PowerSchool but there’s already 3 federal lawsuits related to this. Bloomberg article, Google it.

Remember to verify all things with your local district. God bless, hope and pray the best for each of you.",1,0,1hz18no,2967,False
Spurgeonist,1736837689,Teachers,1hz18no,m728ifr,Notice the only people sharing anything yet are those who have been verified that the districts weren’t storing this information in the student or data table… because local districts who don’t do this *know they don’t.* That’s not been any extra effort from PowerSchool.,1,0,m6pj9nn,270,False
Spurgeonist,1736838138,Teachers,1hz18no,m729ahy,"*Hopefully this is helpful to someone*

- **What Happened**: PowerSchool claims the data was deleted by hackers, but no further comments have been made since the initial notification to districts 10 days after discovery. The breach is far from “contained.”

- **Safety Measures**: 
  - **Safe if**: Your district self-hosts PowerSchool with Ukraine geo-blocked.
  - **At Risk if**: Using cloud-hosted PowerSchool or self-hosted without geo-blocking Ukraine.

- **Teachers and Employees**: 
  - SSNs in the “teacher table” for both current and former staff might be compromised.

- **Students**: 
  - If SSNs are stored in student data tables due to state reporting laws, they’re likely compromised for current and former students.

- **Estimated Impact**: 
  - Approximately **8,920,000 students** might have their SSNs exposed. This number doesn’t include former students, and the actual extent is being suppressed.

- **Data History**: 
  - Some districts have data from as far back as 1995 potentially at risk.

- **High Risk States**: 
  - North Carolina, South Carolina, Florida, Mississippi, Georgia, Louisiana, Kentucky, Virginia, West Virginia due to likely SSN storage in student tables.

- **Legal Actions**: 
  - Three federal lawsuits filed; see Bloomberg article for more.

- **What To Do**: 
  - Don’t trust silence or lack of communication from PowerSchool or your district. 
  - Assume the worst if you’re in the listed states.
  - Use any offered credit monitoring when the official investigation wraps up.

- **Additional Notes**: 
  - Even outside these states (e.g., California), SSN compromises have been reported. 
  - *PowerSchool’s negligence could have been avoided.*

- **Verify**: 
  - Check with your local district for specifics.

This is shared for the sake of transparency and protection for all involved. Research it yourself; don’t just follow the initial narrative. God bless, praying for the best outcome for everyone.",2,0,1hz18no,1953,False
NorthernVenomFang,1736838201,k12sysadmin,1i0s99y,m729ee7,"Not publicly available.  I used search engines to find news videos and articles on ones that had been breached, plus district websites that had posted it.",2,0,m727lq3,154,False
Ok_Adhesiveness5924,1736850940,Teachers,1hz18no,m72t81n,Thanks I was hoping for something with this level of detail! My district has refused to specify whether we ever stored SSNs so I've been assuming we did although we are not on the listed states and our neighboring districts say they didn't.,2,0,m729ahy,240,False
sync-centre,1736862655,k12sysadmin,1i0s99y,m73hq5a,Or noticing 1TB of data being sent to Eastern Europe on a Sunday.,2,0,m710shc,65,False
chickentenders54,1736864937,k12sysadmin,1i16nj9,m73o01s,"The paid Google Workspace accounts are HIPPA compliant as long as they're configured properly. For extra measure, require the users that have access to use two factor authentication.",6,0,1i16nj9,182,False
dire-wabbit,1736865378,k12sysadmin,1i16nj9,m73p98q,"If you have a Google Workplace for Education domain, then data privacy protections are in place for core services like drive.   This is compliant with relevant student data privacy standards (FERPA/GPDR).   It's part of their core agreement.

I have no problems with storing things in drive from a FERPA standpoint.   From a management perspective, for FERPA data I prefer to create shared drives to alleviate ownership issues and to have better control of access to these drives.",11,0,1i16nj9,480,False
stephenmg1284,1736865429,k12sysadmin,1i16nj9,m73perj,What does your school use for a student information system? Our nurses document in our SIS.,6,0,1i16nj9,91,False
Firm_Safety7681,1736865438,k12sysadmin,1i16nj9,m73pfqg,"HIPAA likely applies more (and certainly has more teeth) than FERPA in this case. Agree with the comment below that any solution you find that's HIPAA-compliant should cover FERPA requirements for data storage. However, the human processes around handling, and the conditions for use/release of that data are significantly different between the two. Since it's your nurse assume you're storing protected Personal Heath Information (PHI) and proceed accordingly. Also can't hurt to consult school policies and the school's attorney for whatever standard guidance they may have.",4,0,1i16nj9,576,False
kitsinni,1736865614,k12sysadmin,1i16nj9,m73pxvw,"Ideally you would have a Student Information System that is built to house this kind of data. If you have other more sensitive data you want to keep it in a database with the proper security measures in place. People should only have access to the data they need to do their jobs. 

Ideally this type of information should be encrypted, and if possible using tokenization and data masking.",8,0,1i16nj9,389,False
ZaMelonZonFire,1736866549,k12sysadmin,1i0s99y,m73sqgb,"I've worked in private industry previously and now as a tech director in K12.  Generally speaking, public education is much more reactive than proactive, as compared to other industries.  They truly tend to wait for something bad to happen before addressing it, and when it comes to cyber security this is completely counter intuitive. 

Here in Texas, the state requires disaster annexes/plans.  Fire, flood, hurricane, pipeline explosion, and now, cyber attack incident or attack.  The initial draft they gave us was both confusing and infuriating.  More than half the ""requirements"" would not apply to our district (which they have since removed), but also the language very much treating this kind of an event as a ""when"" this is going to happen, not an ""if.""

Powerschool and their PR team were trying to put themselves in the best position possible considering this absolute disaster, and I sincerely don't blame them for that.  I believe they did not consider security as a foundational point of their product and services as a whole, though now they might.  However, the promise that the stolen data has been deleted is laughable.  Great PR move, unlikely reflected in reality.

Our SIS currently does not even offer MFA, never has.  I've been asking(see: gently bitching to) them about it for years.  I asked them last week because of this powerschool attack and was told due to other issues, there is now no ETA for additional security.  It frustrates me greatly, but is completely out of our control.  We cannot afford a ""better SIS"" and powerschool getting hacked removes any argument that paying more equates to better security.

Really enjoyed the podcast on the PowerSchool breach and learned a lot.  It has spurred me to have talks with my administrators and be more proactive.  I've asked them to sit down and discuss what would happen and how we'd handle this disaster if it happened to us.  

./end-rant",3,0,1i0s99y,1922,False
k12-IT,1736867708,k12sysadmin,1i16nj9,m73wbey,"Have you requested to have another technician hired to help you balance your work load? 

As for the student information, you're going to want to look into a Student Information System or SIS. These companies are usually certified to store the student data securely and give easy access.",11,0,1i16nj9,287,False
Square_Pear1784,1736869065,k12sysadmin,1i16nj9,m740mtk,We have the free Google Workspace for Education - Fundamentals. So I am guessing we do not have the data privacy,-1,0,m73p98q,112,False
Square_Pear1784,1736869073,k12sysadmin,1i16nj9,m740nro,We have the free Google Workspace for Education - Fundamentals. So I am guessing we do not have the data privacy,-1,0,m73o01s,112,False
lifeisaparody,1736869237,k12sysadmin,1i0s99y,m74174h,"When I was still IT Director for a K-12, we wanted to apply data retention to all our systems. PowerSchool told us that we could not delete any data, including those of students who had left or graduated. Something to do with the integrity of the database.  
  
Our workaround was to just write over the data with 1s and 0s.

But my point is that this is not 'Security by Design'.

  
I agree with you that Education tends to be reactive rather than proactive when it comes to Cybersec. A large part of it is because Admin doesn't understand and they don't really want to understand - they think its an IT problem. In mature industries, IT and Cyber are different departments for a reason.",4,0,m73sqgb,689,False
k12techpro,1736879071,k12sysadmin,1i0s99y,m74ymyp,"Couple things:

\- There's been good discussion/FAQ about this on K12TechPro too. Light reminder that K12TechPro is a vetted private community of only k12 techs and not viewable by the public. [https://members.k12techpro.com/](https://members.k12techpro.com/) (If you aren't on there yet, click sponsorship to get in free)

\- K12 SIX also posted a FAQ recently [https://www.k12six.org/news/powerschool-cyber-incident-faq](https://www.k12six.org/news/powerschool-cyber-incident-faq)",7,0,1i0s99y,482,False
Tr0yticus,1736891260,k12sysadmin,1i16nj9,m762qgx,"Alright so - few things and I’d do them in this order:

1) without power, nothing in tech works. Address this first. 

2) the inability to manage machines on a Windows domain is a problem but not a quick fix. MDM isn’t really a fix here as you need a domain to do a lot of things besides lock down machines and patch them. Get them through to the summer (or spring break) and then address the domain. Patch machines and install EDR software in the meantime. 

3) the lack of an SIS (as outlined by another reply) is a problem; get a good one one and get moved over. That will take care of HIPPA, FERPA, and other cybersecurity concerns* - this is likely a summertime project if not a year+ out from start to finish. 

*Yes I know PS was just hacked. It happens. I’d argue data in PS is likely more secure even with a breach than sitting on unmanaged machines. 

4) Google Workspace (assuming Workspace and not Google Drive on a Gmail acccount) is actually a decent step. Manage permissions, lock it down so no downloads/printing if possible, and then address an SIS. Address this last and after the SIS is done.",10,0,1i16nj9,1111,False
Tr0yticus,1736891424,k12sysadmin,1i16nj9,m763awh,"+1 for SIS, -1 for technician. OP doesn’t need a technician, OP needs a director. A lot of this stuff is strategy, not tactical day to day. The technician is important but offload the strategy and OP can focus on the technician part.

Also a school that small probably doesn’t have the budget for anyone else. Would you hire a green technician with what OP said? Of course not. But that’s probably what the school can afford, which is how we got here. If anything, they need some strategy consulting for planning and budget, then some heavy lifting for engineering. Very doable and way better bang for buck than another tech.",3,0,m73wbey,625,False
Tr0yticus,1736891724,k12sysadmin,1i16nj9,m764bkq,That’s actually good news - your free version is still the “pro” version and falls under the same agreement we have for the paid version. Are there differences? Yes but you have way more protections than consumer Google products.,4,0,m740mtk,229,False
stephenmg1284,1736894305,k12sysadmin,1i16nj9,m76cwhz,"He mentioned Infinite Campus, so he has a SIS that has spots for storing this information.",2,0,m73wbey,90,False
stephenmg1284,1736894372,k12sysadmin,1i16nj9,m76d4g0,He mention Infinite Campus so it sounds like the SIS is already taken care of.,3,0,m762qgx,78,False
petuniar,1736896747,k12sysadmin,1i16nj9,m76ki64,"Our SIS houses indformation like this, and only SIS users with specific permissions can access it.",8,0,1i16nj9,98,False
bad_brown,1736949699,k12sysadmin,1i1xqiw,m79tcb6,"Why would you listen to Powerschool about...anything?

Notify those who you have contact info for, make a post on your website or in your newsletter. Not sure why you need a Powerschool instance available on the internet if you aren't using it anymore. Maybe migrate to on-prem and turn tgat server off unless you need it. 

PowerSchool promised email templates days ago and ongoing communication and I've gotten crickets.  The lawsuits have already started being filed, and I imagine they're going to shell up.",3,0,1i1xqiw,511,False
orphantech,1736949759,k12sysadmin,1i1xqiw,m79ti4p,"Strongly recommend reaching out to your cyber security insurance, who will likely get you to a legal dept. 

Trust but verify.  If your instance is still online, for data retrieval, then your info was likely part of the exfiltration.

Fields of major concern are medical alerts, ssn, gpa. Other fields are generally considered directory information and may not fall under your state's mandatory notification requirements.

Yes, it is powerschool's incident, but best to get the proper guidance of cyber security and legal team.",9,0,1i1xqiw,527,False
Square_Pear1784,1736950401,k12sysadmin,1i1xqiw,m79va0a,"Powerschool confirmed for us that we were part of the exfiltration. They provided us access back to our Powerschool and gave steps to access data using Data Export Manager. They gave us a spreadsheet detialing what info was targeted and how many files for each. Also which was PII. 

Beyond that we are lost. I dont know anything about cyber security insurace for the school. I wouldnt be surposed if we dont have anything like that. We are a public charter school so maybe the state handles part of that. I guess I need to contact someone at the state.",2,0,m79ti4p,553,False
Square_Pear1784,1736950535,k12sysadmin,1i1xqiw,m79vnpb,We got an email templete we sent out to parents letting them know the situation. Beyond that nothing else. The head of school sent the email out. Contacting each person impacted individually (1600+) is beyond our compacity.,4,0,m79tcb6,223,False
spacebulb,1736951084,k12sysadmin,1i1xqiw,m79x7vl,"You may be in more of a pickle given your charter status than you realize. You DON'T have the full backing of the state or region because the state or region likely just see charter schools a independently run systems without all of the burracracy (all the departments that are actually needed in a large district) including legal. 

It would behoove you to speak to your head of school, and if there is a board, they need to be notified of this as well. You must ask them to seek legal consultation for this. Get the legal issues as far away from your hands as you can at this point, and be as transparent as possible.",4,0,m79va0a,619,False
spacebulb,1736951296,k12sysadmin,1i1xqiw,m79xtlv,"> Contacting each person impacted individually (1600+) is beyond our compacity.

This is a problem. A simple mail merge and bulk email service should be all that is needed for this. What services or systems are in place to notify stakeholders via email in bulk? There must be something that can be used or modified in this situation. 

If not, you need to outsource to a provider that can do this. Constant contact or other such resource. Yes it is $$, but it is $$ instead of $$$$$$$$$$$",5,0,m79vnpb,488,False
orphantech,1736952196,k12sysadmin,1i1xqiw,m7a0g0m,"Start with your school's insurance company.  The same one that is used if a roof leaks, or if a vandalism occurs.  They should be your first call.

Include the school's legal counsel as well.

For me, I reached out due to making sure if our community attempts to file against us, that we have a legal team and the processes in place.  I doubt that anyone would attempt to file against us, but in today's world, you can't just assume.

If you don't have cyber security insurance, 
Reach out to CISA for additional guidance.
https://www.cisa.gov/",2,0,m79va0a,544,False
Firm_Safety7681,1736952475,k12sysadmin,1i1xqiw,m7a19rb,"Your school probably has outside legal counsel on retainer. Engage them now. Like the commenter above noted, PowerSchool won't necessarily be able to account for all of your state's requirements around breach notifications, and your school (and your host school? not sure how you're structured) may have policies that apply. You may or may not have PHI or PII included. Don't count on PS's corporate attorneys or communications people being able to address your specific case.",3,0,m79ti4p,476,False
linus_b3,1736953422,k12sysadmin,1i1xqiw,m7a45ii,"It's easy to throw stones and I try to avoid it because things happen, but PowerSchool's missteps here are appalling.

* Their all-powerful employee accounts weren't secured by MFA, were accessible from anywhere, and apparently had no sort of alerting to warn that one person had logged into hundreds of instances from a foreign country in a short period of time.
* They learned about it a week later, then inexplicably didn't tell any of us for **10 more days**.  That's a breach of the contract that they have in place with many districts.
* Somehow, in those 10 days, they still didn't have publications ready to go, and didn't have an indication of specific data compromised or even a breakdown explaining how we can dig through logs ourselves.  We had to figure it out.  They can try to say they were working hard on it, but it's extremely clear that it wasn't all hands on deck for them, which is disappointing.
* Even after the initial meetings, they still didn't get information out in a timely manner, citing things being hung up in legal.  What did come out is awful and feels like it's starting down a path to backpedaling on some promises (see the suddenly non-committal wording around credit monitoring/identity protection).

It's so frustrating that they seem to be patting themselves on the back for their response here when it feels like it couldn't have been much worse.  They need to see a shake-up of leadership and some significant financial pain from this.",25,0,1i1xqiw,1477,False
TheShootDawg,1736954339,k12sysadmin,1i1xqiw,m7a717k,"Ignore the info about the data was “deleted”.

Treat this as the data is out there….  handle it that way.",16,0,1i1xqiw,105,False
Majestic-Cap-3634,1736955707,k12sysadmin,1i1xqiw,m7abhnh,"Good point here. We had begun getting everything ready to send out to the affected members with PowerSchool's scripted response when our insurance told us to stop until told otherwise from them. Apparently, a lot of schools are starting to group together in a class action lawsuit so we shall see.",3,0,m79ti4p,297,False
pheen,1736957332,k12sysadmin,1i1xqiw,m7agw5o,"> A simple mail merge and bulk email service should be all that is needed for this.

Emailing is easy. Knowing who to email is not. This impacted all students and staff in PowerSchool, not just current students and staff. We have students going back 15-20 years in PowerSchool. How do we email them when we only ever had school emails (that have been long deactivated) for them to begin with?",6,0,m79xtlv,392,False
spacebulb,1736966946,k12sysadmin,1i1xqiw,m7be55x,"Knowing who to email are in the tables that were stolen, but I agree with the statement, that question just isn't an IT question, it is a legal question. 

What are your obligations to reach out? How much effort must be made to reach out? What happens if you don't have current contact info? All legal questions.",1,0,m7agw5o,312,False
pheen,1736967458,k12sysadmin,1i1xqiw,m7bfxsp,"> Knowing who to email are in the tables that were stolen

Yeah, I guess the real wording should say, we know who to email, but we don't know how to. And the how isn't a technical issue, it's a lack of data. We don't have any personal emails for students so how do you email potentially thousands of affected users without knowing their email addresses? Start calling parents? This whole thing is a mess.",5,0,m7be55x,404,False
flunky_the_majestic,1736967598,k12sysadmin,1i16nj9,m7bgfqm,Have you actually looked into what FERPA requires?  It sounds like you're kinda just making assumptions that it means locking down all student information.  It's not actually that onerous.  Taking a step back to look at what FERPA *actually is* will help you gain alignment with it.  You may be surprised to learn how much of it falls on business admins rather than you.,3,0,1i16nj9,370,False
flunky_the_majestic,1736967891,k12sysadmin,1i16nj9,m7bhgn3,"> Ideally this type of information should be encrypted, and if possible using tokenization and data masking.

Ideally, sure.  But don't overcomplicate things.  OP is in a tizzy just trying to get FERPA compliance.  Suggesting measures beyond their current capacity is not realistic.",1,0,m73pxvw,282,False
flunky_the_majestic,1736968012,k12sysadmin,1i16nj9,m7bhvmf,"Sorry to be pedantic, but it's HIPAA.  Whenever I see ""HIPPA"" I assume the comment isn't worth considering. There is so much garbage information around that particular law.",1,0,m73o01s,172,False
Majestic-Cap-3634,1736970193,k12sysadmin,1hw1m3x,m7bphjf,"Echoing what has already been said. The official response we recevied from PS was that unless a specific selection of students were made before running the export, then all students/teachers (historical and active) are exported by default. Running it this way myself verified that is the case. The number of records matched what was shown in the logs.",1,0,m6f65bp,351,False
dallywolf,1736971136,k12sysadmin,1i1xqiw,m7bsson,This is greatly dependent on what state you are in.  Google search data breach <state> laws to find out what your obligation is.  In our state once we have been notfied of a breach than we are still legally obligated to contact families that were affected EVEN IF Powershool also notifies them.,3,0,1i1xqiw,294,False
combobulated,1736976876,k12sysadmin,1i1xqiw,m7cd8rj,"While this is 100% on Powerschool (for the breach itself) - you (your Distrcit/school) are responsible for that date.  YOU chose to trust Powerschool.  You put the data there, not your students/teachers/families.  They are going to likely direct their anger/concerns/lawsuits at you, not Powerschool. (Although Powerschool is already dealing with lawsuits from this incident, from a different angle)

So definitely treat it as if this is your problem, not just Powerschool's.

It certainly helps push the blame a bit and hopefully buys some goodwill and understanding from higher-ups (and maybe the general public and other stakeholders).  Powerschool dropped the ball, but we put the ball in Powerschool's hands in the first place.

Like other's are saying here: Because of the nature of this particular incident, it's largely a legal/PR/communications issue at this phase.  Powerschool dealt with the whole IT side of it (detection, analysis, containment, mitigation/eradication, recovery).  Not because they're the best at it or we failed at it - but simply because it's their systems and they're the only ones in a position to do so (at a technical level).  We're all left with the fallout.  

So the question becomes about the extent of liability - ours and Powerschool's.  And that may vary by state and contract.

With that, I'd also advise not assuming that whatever is known now is the totality of it (or necessarily the worst of it).  Plan as if there's more bad weather coming from this storm...",11,0,1i1xqiw,1506,False
sarge21,1736979667,k12sysadmin,1i1xqiw,m7cmyas,">They learned about it a week later, then inexplicably didn't tell any of us for 10 more days. That's a breach of the contract that they have in place with many districts.

They should have learned about it in a support ticket alerting them on Dec 27, but only admit learning about it on Dec 28 when the adversary contacted them.

Imagine if the adversary were interested in collecting and using as much data as possible instead of simply extorting a payment.",3,0,m7a45ii,459,False
DenialP,1736982322,k12sysadmin,1i1xqiw,m7cvjnj,This is why you have legal council on retainer,12,0,1i1xqiw,46,False
Widdox,1736995472,k12sysadmin,1i16nj9,m7dy9az,PowerSchool FML,3,0,1i16nj9,15,False
SwimRevolutionary875,1736998464,k12sysadmin,1i1xqiw,m7e6j5g,What's the part about going back to 2013?,3,0,1i1xqiw,41,False
foolmetwiceagain,1737046729,cybersecurity,1i2t4os,m7h7a7j,"If you pay a hacker to delete stolen data, I think you have met the definition of “ransomware attack”. I’m sure their lawyers and insurance carrier would disagree. 

It’s also a complete violation of any trust or reputation they may have had with their clients. I’m sure this path of minimal disclosure and carefully worded press releases helps minimize their legal liability, but what a terrible way to help the people most impacted - the students and teachers whose data was stolen.",17,0,1i2t4os,484,False
Aromatic-Act8664,1737047549,cybersecurity,1i2t4os,m7ha4af,"Coming from the perspective of K12 I.T.


This is my worst nightmare.  And then finding out that the ransomware was paid, and deletion was validated via a video... would probably have me experiencing night terrors for the remainder of my life. 


Hell our cyber security insurance would have a field day dropping us over that one. ",163,0,1i2t4os,331,False
AdventurousTime,1737048939,cybersecurity,1i2t4os,m7heyyy,"chat this isn't ransomware because they never lost access to the data, someone just copied it. 

This is plain, good old fashioned extortion. 

with that said, I doubt they actually deleted the files. when I heard of the initial attack and that the ""data was deleted"" I was suspicious right away. even two friendly parties can just barely attest to things through mutual trust. 

at best I suspect the stolen data to be released at a later time rather than immediately so the perps can pretend to be upstanding guys to other victims.",77,0,1i2t4os,533,False
HEROBR4DY,1737052161,cybersecurity,1i2t4os,m7hq9li,one day we will live in a world where personal data has an expiration date so this shit wont happen,5,0,1i2t4os,99,False
merRedditor,1737053711,cybersecurity,1i2t4os,m7hvorx,Hopefully it was just a student doing it to see if they could and nothing will be done with the data.  Hacking a school is very bad form.,1,0,1i2t4os,137,False
lankyfrog_redux,1737059642,cybersecurity,1i2t4os,m7ig24w,"Sorry kids, your data was gone before you could learn to protect yourself.",65,0,1i2t4os,74,False
RaNdomMSPPro,1737059839,cybersecurity,1i2t4os,m7igqlw,"It's a good thing they watched the criminals delete the data via video conference once they paid the ransom. I'm sure the criminals didn't lie and make a copy, so all good.",58,0,1i2t4os,172,False
bradrel,1737063492,cybersecurity,1i2t4os,m7ite2x,Would like some proof of this other than two anonymous companies. I’m not even sure how these companies would know.,3,0,1i2t4os,115,False
Fluxxxx,1737064745,cybersecurity,1i2t4os,m7ixsiq,"The data may have actually been deleted, AT&T had a similar hack where they validated the attackers deleted the data.",8,0,m7heyyy,117,False
ummmitsjames,1737064933,cybersecurity,1i2t4os,m7iyfx7,My wife showed me a post of a local school stating that they were affected by the breach but “no private student data was stolen”. I told her that whoever made the post was an idiot for concretely stating that before the whole scope of the incident was revealed.,37,0,1i2t4os,262,False
ancillarycheese,1737070768,cybersecurity,1i2t4os,m7jgzrz,Cool I can also make a copy of stolen data and then make a video of me deleting it.,20,0,m7ixsiq,83,False
CyberMattSecure,1737071065,cybersecurity,1i2t4os,m7jhvln,"Never pay, (except those extremely rare cases)

Videos aren’t evidence of anything",56,0,m7ha4af,82,False
bad_brown,1737071149,cybersecurity,1i2t4os,m7ji4m2,"Taken via a Ukrainian VPS IP. Not even the most basic geo IP restrictions or even notifications for 3rd party support contractor log ins. Also no second Auth factor, also all tier 1 support contractors had full access to all of this data for every customer. Absolutely insane. 

PowerSchool didn't even know this happened until the threat actor reached out to them 6 days later asking for money.

Changing SIS is a very expensive and change management-heavy lift, but I'll be pushing the districts I work with to move off of it if at all possible. I shudder to think what other practices aren't in place.",17,0,1i2t4os,604,False
Bartsches,1737071303,cybersecurity,1i2t4os,m7jil7b,">I’m sure this path of minimal disclosure and carefully worded press releases helps minimize their legal liability


I don't believe that is necessarily the reason to assume. When looking at serious successfull cyber attacks a point I'd like to see more emphasis on is that the defenders will be in utter chaos. People break in such conditions from having decades of work invalidated, from extreme workload, and from extreme pressure from everywhere else. A good rule of thumb is that from the team originally responsible for the attacked service half will be unfit for work overnight. Especially the team lead and often permanently. This is the type of stress that can literally kill people.


In that situation you will have among others to onboard internal replacements for the lost colleagues, external specialists, likely a new team structure, and often completely throw any and all established procedures (as assumed unsafe) overboard, completely relearning how to do your job.


The thing that breaks first here is internal communications. People doing their utmost to save what's left on a technical side have neither the time nor mental capacity to sit down and write cohesive reports. They don't have an established leadership structure ensuring that to happen. And even if they have, these situations are so fluidly moving in parallel that it's impossible to stay up to date. You'll produce more meeting notes per hour than can be read in the same.


As such those in the company not directly involved - especially the higher ups which do get a lot of related work and stresses -  will not have a good idea of what's going on. 


TlDr: very long winded way of saying that sparse public comment is majorly caused by companies themselves not knowing what's happening and given a large enough issue cannot reasonably be expected to know either. Liability is definitely an issue, but it's not the only reason for this to happen.",3,0,m7h7a7j,1935,False
tdquiksilver,1737071689,cybersecurity,1i2t4os,m7jjr53,Yeah our students school tried to downplay this. Clearly this is much bigger than originally thought. Insane.,12,0,1i2t4os,109,False
Separate-Opinion-782,1737071768,cybersecurity,1i2t4os,m7jjzuk,Wait what? oh shit my district uses it.,2,0,1i2t4os,39,False
krakelohm,1737073008,anchorage,1i33iq3,m7jnpjc,*possibly use PowerSchool.,4,0,1i33iq3,26,False
magnj,1737073458,cybersecurity,1i2t4os,m7jp2d1,My kids' school stores the student Google username and password in there too. We'll see if they issue resets.,5,0,1i2t4os,109,False
ak_doug,1737073541,anchorage,1i33iq3,m7jpbd6,"[https://projects.propublica.org/private-school-demographics/states/ak](https://projects.propublica.org/private-school-demographics/states/ak)

Yup.",1,0,1i33iq3,148,False
MattDennis21,1737073886,cybersecurity,1i2t4os,m7jqd1b,"Yeah exactly, classic extortion playbook. The whole ""we deleted it, trust us bro"" line is laughable. These guys are def sitting on that data, probably waiting for the right moment to either double dip or use it as ""proof"" they're ""honorable"" in future attacks. No honor among thieves and all that.",13,0,m7heyyy,297,False
EdOneillsBalls,1737075131,cybersecurity,1i2t4os,m7ju2sl,I wouldn’t hold my breath,1,0,m7hq9li,25,False
Errant_coursir,1737077711,cybersecurity,1i2t4os,m7k1lqw,Some good ol' FERPA violations,8,0,m7ha4af,30,False
Aromatic-Act8664,1737077749,cybersecurity,1i2t4os,m7k1prb,The extra crunchy ones!,4,0,m7k1lqw,23,False
PermissionSoggy891,1737079483,cybersecurity,1i2t4os,m7k6opu,Bob Smith from Microsoft Support would NEVER lie like that!,13,0,m7igqlw,59,False
PermissionSoggy891,1737080131,cybersecurity,1i2t4os,m7k8hy4,"classic corpo damage control. Just lie and assume the people are too stupid to do their own research. They KNEW they were purchasing poorly-secured software to store everybody's most personal data. 

Frankly, I don't even see why they NEED to put the SSN on some fuck-off online server. All they SHOULD do is verify it once in-person during enrollment. Not store it on the Cloud where, the first thing you learn in ANY Cybersecurity lecture is that, no matter how ""secure"" something is, there is a way to breach it and hackers will find a way.

This is what happens when you let uneducated boomers control how data is stored. They get distracted when ""Steve Gates from Microsoft"" tells them there's a virus on their computer and the only way to get rid of it is to give them the password and 2FA code (assuming they even have 2FA set up) and NOW all the students who have ever enrolled in our school's social security numbers are leaked online for any idiot who wants to take out a loan in someone else's name to do! Oopsie daisies! Better luck next time, I guess!",6,0,m7jjr53,1064,False
PermissionSoggy891,1737080147,cybersecurity,1i2t4os,m7k8jjj,So does mine. We might be fucked.,2,0,m7jjzuk,33,False
jerobins,1737081586,raleigh,1i3525l,m7kckgj,"Yes, NCDPI managed vendor on a state contract.

Same for upcoming Infinite Campus transition from PowerSchool. Keep that in mind come June.",6,0,1i3525l,139,False
Subpxl,1737082259,cybersecurity,1i2t4os,m7kefoe,Once the deductible is paid on the insurance claim you can bet your ass I’m pushing for it to get paid. It’s the insurer’s money going to the hackers at that point.,16,0,m7jhvln,164,False
ripv2,1737083128,cybersecurity,1i2t4os,m7kgtfc,They used the Shred command though! /s,4,0,m7jgzrz,38,False
Jeremandias,1737084399,cybersecurity,1i2t4os,m7kk8mf,"this article is bad. it isn’t “worse than thought”, it’s exactly what they reported: affected instances had all student and teacher tables exfiltrated. the scope depends entirely on what districts stored in the sis. that was the story the entire time. 

is it a nightmare? were powerschool’s security practices irresponsible and clearly indicative of a lack of care? absolutely. but i hate articles like this.",3,0,1i2t4os,409,False
Cmd-Line-Interface,1737084474,cybersecurity,1i2t4os,m7kkfrq,"Does anyone know the point of entry? Almost always compromised credentials, right?",3,0,1i2t4os,82,False
DigmonsDrill,1737084574,cybersecurity,1i2t4os,m7kkpbp,"I did a stint in educational security and what kept me up at night was a headline saying that someone stole all our data.

I wasn't senior enough but what I wanted was the student records put in a place where all data has to go through a chokepoint and we can monitor that for unusual activity.",3,0,m7ha4af,294,False
DigmonsDrill,1737084645,cybersecurity,1i2t4os,m7kkwdy,"There are hacker groups that have reputations to uphold.

It's possible that they have good reason to think the hackers did delete the data. But I haven't heard that reason yet.",1,0,m7ixsiq,177,False
alldaycoffeedrinker,1737085043,raleigh,1i3525l,m7klybp,"…and July. Based on Phase 1 PSUs across the state, rollout has not been without some serious hurdles. I believe WCPSS is more than double the largest phase 1 district so…fingers crossed.",1,0,1i3525l,186,False
alldaycoffeedrinker,1737085094,raleigh,1i3525l,m7km34o,"…and July. Based on Phase 1 PSUs across the state, rollout has not been without some serious hurdles. I believe WCPSS is more than double the largest phase 1 district so…fingers crossed.",3,0,m7kckgj,186,False
ripv2,1737085455,cybersecurity,1i2t4os,m7kn210,From what I understand - the support credentials were obtained from the dark web. So - how many other people accessed this info? Or worse - more info. I’m terrified to hear the discoveries in the upcoming report. Hopefully their logs will show more than 2 weeks of logs!,3,0,m7kkwdy,270,False
Wise-Activity1312,1737085740,cybersecurity,1i2t4os,m7knt2j,"If you can't secure your shit for Gen 1, good fucking luck with Gen 2. Especially since you just funded it.

People have zero fucks to give about moral hazards anymore, do they?",20,0,m7kefoe,177,False
Freezeout10,1737085772,cybersecurity,1i2t4os,m7knw0h,Isn’t there a rival hacker superhero that will go after the hackers here to avenge our schoolchildren?,2,0,1i2t4os,102,False
Subpxl,1737086614,cybersecurity,1i2t4os,m7kq1wh,I don’t quite understand your last sentence. Where does morality come into play here?,2,0,m7knt2j,85,True
Subpxl,1737086627,cybersecurity,1i2t4os,m7kq32b,I don’t quite understand your last sentence. Where does morality come into play here?,1,0,m7knt2j,85,True
Tech88Tron,1737087248,cybersecurity,1i2t4os,m7krmww,"Believe it or not, these hackers have a reputation to care about.   
   
If they release the data anyways, why would their next victim pay???   
   
They have zero reason to release the data. Many reasons to NOT release it. Assuming they kept it.",1,0,m7jgzrz,246,False
mywittynamewastaken,1737087452,cybersecurity,1i2t4os,m7ks4py,Ransom funds terrorism.,4,0,m7kefoe,23,True
Robbbbbbbbb,1737087562,cybersecurity,1i2t4os,m7ksecn,"Powerschool is getting off so easy for this.

In PA, the SCHOOL is required to notify affected users. And Act 151 of 2022 requires the notifying agency to also pay for credit monitoring. One district was quoted $190k for ~1,700 users... which means taxpayers are footing that bill.

I guess schools could do an insurance claim or possibly subrogate against PS, but, man. It's a mess.",4,0,1i2t4os,383,False
Robbbbbbbbb,1737087683,cybersecurity,1i2t4os,m7ksorp,"To be fair, the logs show what was taken. The entire student and teacher tables were dumped.

If you had no PII/PHI stored in those tables, it's a fair assumption.

Powerschool has also been very cryptic about this entire process. It took more than a week to put something up on a public-facing site.",8,0,m7iyfx7,300,False
Robbbbbbbbb,1737087856,cybersecurity,1i2t4os,m7kt3nb,"It's likely not the school. Powerschool has been so unsupportive during this process it's unreal.

K-12 also faces a tech talent problem. It's likely that the school didn't intentionally mislead or downplay this, but was relying on what Powerschool did (or did not) tell them.",4,0,m7jjr53,276,False
Robbbbbbbbb,1737087990,cybersecurity,1i2t4os,m7ktf3i,"100% this. The entire student and teacher tables were exfiled.

So far it seems like no further info has been reported on, so it seems that maybe the media is just now realizing that",2,0,m7kk8mf,182,False
NotTomPettysGirl,1737088025,anchorage,1i33iq3,m7kti1m,"ASD uses PowerSchool for IEP and 504 documents. Some other student data such as parent/guardian contact information, and other personal student information is also stored there.",5,0,1i33iq3,177,False
Robbbbbbbbb,1737088035,cybersecurity,1i2t4os,m7ktiux,"Compromised credential (seemingly not behind MFA) used Powerschool's ""phone home"" support channel to tunnel into affected districts.",4,0,m7kkfrq,132,False
Subpxl,1737088095,cybersecurity,1i2t4os,m7ktnuz,"So does the US government, and on a far grander scale. If ransoms are funding terrorism then combatting cyber crime should be a higher priority for our governments.",0,0,m7ks4py,164,True
Cmd-Line-Interface,1737088550,cybersecurity,1i2t4os,m7kuq6n,"No MFA!? Oh no……that sucks, such an easy thing to implement…. Sometimes our plates our too full I guess.",1,0,m7ktiux,104,False
Ssyynnxx,1737089493,cybersecurity,1i2t4os,m7kww79,Hes implying ur funding malware that will be further distributed i guess,15,0,m7kq1wh,72,False
Ssyynnxx,1737089560,cybersecurity,1i2t4os,m7kx1py,surely talking about this in the cybersecurity reddit echo chamber will be a productive conversation,4,0,m7ktnuz,100,False
Subpxl,1737089782,cybersecurity,1i2t4os,m7kxjvz,"First time here reading/posting here. Some people are very idealistic, I suppose. That goes out the window when it’s 3AM on Christmas morning and you get an alert from your MDR.",7,0,m7kx1py,177,False
MyBigNose,1737090981,raleigh,1i3525l,m7l06ml,This is what happens when you put all your eggs in one basket.,4,0,1i3525l,62,False
Ssyynnxx,1737092403,cybersecurity,1i2t4os,m7l353s,Heres hoping one day i can even have the opportunity to experience that misfortune,1,0,m7kxjvz,82,False
Lumberlicious,1737092993,cybersecurity,1i2t4os,m7l4bu9,I’ve applied to this place a few times. Always seems like a joke of a company the more I learn about it.,3,0,1i2t4os,104,False
TheNarwhalingBacon,1737099375,cybersecurity,1i2t4os,m7lfsml,"your tag says CISO, yet you are saying never pay? What happens when a company doesn't have backups, or the backups are somehow also popped, does security not exist to enable the business? I'd love to not need to pay a ransom but we all know too many business do not follow best practices",6,0,m7jhvln,287,False
CBITGUT,1737106683,cybersecurity,1i2t4os,m7lqw5b,MFA is the most basic shit regardless of how full your plate is lmao. This is gross negligence,1,0,m7kuq6n,94,False
Pseudothink,1737111118,cybersecurity,1i2t4os,m7lxtiz,"Seeing how PowerSchool's interface is designed and how it works, I believe this happened 100%.  I'm glad my district is switching away from it at the end of this academic year.  6 months too late to avoid this, but better thsn nothing.",4,0,m7igqlw,235,False
Pseudothink,1737111326,cybersecurity,1i2t4os,m7ly61h,"Apparently FERPA is only used to punish and control the little guys.  The ones not big enough to pay lobbyists, bribes, and ransoms.",1,0,m7ksecn,132,False
thejournalizer,1737117716,cybersecurity,1i2t4os,m7mal6o,Or you work at a hospital and now lives are at risk.,5,0,m7lfsml,52,False
thejournalizer,1737117878,cybersecurity,1i2t4os,m7mayqy,"It’s odd, but I don’t believe people realize that threat actors must establish a reputation too. If they are known to not actually delete, nobody will pay in the future. We see this a good bit around ransomware actors who wouldn’t provide a key after payment.",1,0,m7ixsiq,259,False
extraspectre,1737119888,cybersecurity,1i2t4os,m7mfwuc,you're playing the game and making it a viable money making industry. i hope you don't work in this field...,7,0,m7kq1wh,108,False
extraspectre,1737119922,cybersecurity,1i2t4os,m7mg000,"""yeah but what about""",3,0,m7ktnuz,21,False
Subpxl,1737121318,cybersecurity,1i2t4os,m7mjr3b,"Ransom money funding terrorism is a very broad, amorphous claim. There are thousands of groups out there exfiltrating and extorting data. Companies carry cyber threat insurance for a reason.",0,0,m7mg000,190,True
Echidna-Cute,1737121820,k12sysadmin,1i1xqiw,m7ml5kb,"I spent 2 days talking with lawyers after we were notified.  Basically what our attorney and the attorney from our cyber insurance said was that we did need to notify to an extent, but we had to be careful in what we said.  We want to appear as transparent as possible, but not say something that oversteps and puts liability on us.  They advised that we avoid the term ""breach"".  I would highly suggest discussing whatever you do with an attorney, I would hope you have cyber insurance.  One of your first calls should have been to your cyber insurance company to make sure they are ready to pick up anywhere that PowerSchool fails.  There is a lot of legal speak in what they are saying about notifications, like they will notify ""in compliance with regulatory and contractual obligations.""  Does your state have regulation that requires them to notify or does it fall on you, if your state doesn't have regulations does your contract state that PowerSchool will be required to make the notifications?  If you answered no to both of those, you may end up being responsible for all notifications.  While we're all hoping that PowerSchool does the right thing, we won't know until they tell us exactly what they are going to do.",3,0,1i1xqiw,1228,False
34jc81,1737123305,k12sysadmin,1i0s99y,m7mpefe,[https://www.youtube.com/watch?v=NLXC6lXQtoM](https://www.youtube.com/watch?v=NLXC6lXQtoM) \- good panel here on the situation,1,0,1i0s99y,126,False
daisydias,1737123576,cybersecurity,1i2t4os,m7mq6w6,"This. It was a PowerSchool support account itself that was compromised, you can see what they did in the logs, and it wasn't sophisticated. They had access and the opportunity, and they took it. Many districts wouldn't keep PII in the students or teachers tables, unfortunately it appears that quite a few did however.",4,0,m7ksorp,318,False
Robbbbbbbbb,1737124620,cybersecurity,1i2t4os,m7mtav9,"In PA, teachers were tracked by SSN prior to the PPID (started in 2006, became mandatory in 2011), so if data is older than that and wasn't purged, it for sure has it.",1,0,m7mq6w6,167,False
Open-Masterpiece209,1737128740,cybersecurity,1i2t4os,m7n6lv0,"Makes sense when its a group owning the attack.   
This, afaik this is just some random extortion. If thats the case there's absolutely reason to release it, double dip since they paid once.. or sell on auction",2,0,m7krmww,210,False
ThePorko,1737146789,cybersecurity,1i2t4os,m7owt14,"This sounds like a huge disaster, I believe they are owned by Bain capital, one of the biggest private investment firms.",1,0,1i2t4os,120,False
yankeesfan01x,1737149282,cybersecurity,1i2t4os,m7p554m,"Yeh, the ""CISO"" lives in la la land.",0,0,m7lfsml,36,False
MBILC,1737152995,cybersecurity,1i2t4os,m7ph9nn,"As is always the case...

the same playbook over and over

1. We were breached but dont worry, data is safe
2. We have found out some data was leaked - 1 week later
3. We have found everything was accessed including PII data - 1 week later

Followed with ""we take your privacy and security seriously and work hard to protect our customers""  line...",1,0,1i2t4os,348,False
JarJarBinks237,1737156163,cybersecurity,1i2t4os,m7pqwkw,"At the very least, that means funding cybercrime. But often indeed it is backed by either mafias or totalitarian states.",2,0,m7mjr3b,120,False
StandardMany,1737160673,cybersecurity,1i2t4os,m7q42wl,"Yea, I feel like if you look at doe job boards you can see that they might not have the best filling senior cyber roles. I mean I could bag that role but I shouldn’t lol",1,0,m7kkpbp,169,False
DizzyWisco,1737172666,cybersecurity,1i2t4os,m7r03px,The only people that say “never pay” have never been involved in an incident.,1,0,m7lfsml,77,False
DamnItDev,1737209595,cybersecurity,1i2t4os,m7sy6d8,">If you pay a hacker to delete stolen data, I think you have met the definition of “ransomware attack”.

Not trying to be argumentative, but I don't agree. ""Ransomware"" has a specific meaning along the lines of ""software that forces a ransom in order to be deactivated"".

There was no software. Someone just dumped all of their data, and then blackmailed them into paying a ransom.",1,0,m7h7a7j,381,False
chrisngd,1737213672,k12sysadmin,1i16nj9,m7t9wo6,"There is no official guidelines that I have seen that you can qualify as compliant.  The baseline of FERPA compliance is that you do not share student data, have policy regarding data privacy and train staff.  It is not nearly as detailed as HIPAA which is a shame in my opinion.

There is discussion about some states starting to require parental consent for each individual app that will be data shared with.  This will be very challenging if for instance a parent does not grant permission for the SIS system…. How do we maintain that student data?!?  I am sure there will be more to come in this area as schools and 3rd party companies continue to have breaches",1,0,1i16nj9,665,False
Elegant-Flounder8914,1737214179,cybersecurity,1i2t4os,m7tbgxf,"THIS. As a teacher and someone who isn't naive, it's like... we're just trusting them? What? That shit's already on the dark web, it has to be.",1,0,m7ha4af,143,False
MrPerfect4069,1737216715,cybersecurity,1i2t4os,m7tjmal,"What’s frustrating is the school division I went to school for in the 90s into the late 2000s won’t tell me if my data was in powerschool or what kind of data was stored. 

It’s frustrating cause it sounds like the system can be used in many ways, if it was just stuff like my name and address and grades from 15-25 years ago i don’t care, but if they have stuff like my parents names, my full legal name, list of schools just think of all the services that use that as recovery questions.",1,0,1i2t4os,489,False
foolmetwiceagain,1737234652,cybersecurity,1i2t4os,m7v6dfz,"Yes, they didn’t use an incapacitating software agent. But holding stolen data hostage for a ransom never gets called Data Kidnapping.",1,0,m7sy6d8,134,False
namon295,1737234908,k12sysadmin,1i4hbrr,m7v76lh,"They used java all the way up until 2021.... They have always been shit. But that explains 90 percent of the services for education.  This whole debacle did not surprise me at all, and I legitimately believe this could have been any major educational vendor/service that got hit not just power school.",29,0,1i4hbrr,301,False
tcourtney22,1737242716,k12sysadmin,1i4hbrr,m7vw0cv,"Perhaps they didn’t implement MFA before the incident because their approach to deploying SSO—like with their SIS—was overly complicated, haha.

On a separate note, someone mentioned that they asked PowerSchool support how they could assist remotely if maintenance mode and remote support are disabled. PowerSchool indicated they still have access and can execute scripts directly against the database. So, is there truly a way to ensure this doesn’t happen again, I doubt it.",13,0,1i4hbrr,476,False
30ghosts,1737250303,k12sysadmin,1i4hbrr,m7wjhol,Class action suit when? These districts should soak Powerschool and Bane Capital for as much as they can get,16,0,1i4hbrr,108,False
NorthernVenomFang,1737250778,k12sysadmin,1i4hbrr,m7wkvx7,"Lawsuits are already started:
 https://news.bloomberglaw.com/privacy-and-data-security/powerschool-sued-over-december-breach-of-student-teacher-data


So lawsuits have already started.  As for class actions from schoolboard, I think most of us are waiting for the Crowdstrike report and their PowerSchool support reps... They told us maybe end of the week or earlier next week.   They are coming, probably by end of Q1.",3,0,m7wjhol,419,False
ZeR0BuG,1737283619,k12sysadmin,1i4hbrr,m7yo2jv,Or it is just non-existent... Have you seen PowerSource? It's archaic at best. We use eSchoolPlus and eFinancePlus/ERP so thankfully we were unaffected.,3,0,m7vw0cv,152,False
EdTechYYC,1737304889,k12sysadmin,1i4hbrr,m806nfp,"Yeah, they stopped talking to me about their ridiculous requirement to re-MFA for teachers every 2 hours into SIS. Then this... :/",2,0,m7vw0cv,130,False
This-Bodybuilder-992,1737319162,cybersecurity,1i2t4os,m81l2ca,"I came across this as an elementary parent and elementary teacher in a district that uses powerschool. I felt the info on their website and shared by my district was very vague and therefore even more alarming because I have a lot of questions but zero background on this topic/cybersecurity. 

What exactly happened? What should parents of students and teachers who had data involved in the leak be doing/asking to protect themselves and their privacy? 

Any insight, explanation, or opinions would be much appreciated by me!",1,0,1i2t4os,526,False
Hungry-Grade7357,1737344879,cybersecurity,1i2t4os,m83tq62,The hacker can cry at my bad math scores with me now,1,0,1i2t4os,52,False
Lukesmissinrighthand,1737385147,k12sysadmin,1i5rluo,m862n2e,"As nice as Tech Crunch makes PS sound, there are some very big untruths here.  PS notified our district that we weren’t affected.  The next day, a neighboring school district told us to take a look, and with the document provided in this article, we were able to identify that we were, in fact, affected.

To date, PS has not notified us that we were affected in the breach.  

However, this title is on point.  Without our neighboring school districts, the global discussion, and documentation, we would have been up a creek without a paddle.",34,0,1i5rluo,543,False
m3gunner,1737397074,k12sysadmin,1i1xqiw,m879827,"We're lucky in that my school has an alumni department that has these email addresses... but for public schools, this is a HUGE deal...",1,0,m7agw5o,135,False
AutoModerator,1737401487,CanadianTeachers,1i5ypr8,m87poap,"Welcome to /r/CanadianTeachers! Please take a moment to familiarize yourself with the sub rules.

**""WHAT DOES X MEAN?""** Check out our acronym post [here](https://www.reddit.com/r/CanadianTeachers/comments/1c032s3/what_does_x_mean_an_acronym_megapost/) for relevant terms used in each province or territory. Please feel free to contribute any we are missing as well!

**QUESTIONS ABOUT TEACHER'S COLLEGE/BECOMING A TEACHER IN CANADA? ALREADY A TEACHER OUTSIDE OF CANADA?:** Delete your post and use this [megapost](https://www.reddit.com/r/CanadianTeachers/comments/1bc1wv2/prospective_student_teachers_teachers_collegebed/) instead. Anything pertaining to the above will be deleted if posted outside of the megaposts. This post is also for certified teachers outside of Canada looking to be teachers here.

**QUESTIONS ABOUT MOVING PROVINCES OR COMING TO CANADA TO TEACH?** Check out our past megaposts first for information to help you: [ONE](https://www.reddit.com/r/CanadianTeachers/comments/jqc7hx/transferring_to_another_provincecoming_to_canada/) // [TWO](https://www.reddit.com/r/CanadianTeachers/comments/n76csu/transferring_to_another_provincecoming_to_canada/?)


 Using link and user flair is encouraged as well! Enjoy!


*I am a bot, and this action was performed automatically. Please [contact the moderators of this subreddit](/message/compose/?to=/r/CanadianTeachers) if you have any questions or concerns.*",1,0,1i5ypr8,1424,False
CanadianTeachers-ModTeam,1737402045,CanadianTeachers,1i5ypr8,m87rqgy,"Your post/comment is a violation of [Rule 6](https://www.reddit.com/r/CanadianTeachers/about/rules) of this sub. This content is considered off-topic for this sub. If you think this post/comment was unrightfully deleted, please write us a [modmail.](https://www.reddit.com/message/compose?to=/r/CanadianTeachers)",1,0,1i5ypr8,312,False
ckwebz,1737414854,k12sysadmin,1i5rluo,m892c05,"This is great to see the media recognizing the true heroes here. Romy and Adam have always been incredibly helpful in our communities! I’m now patiently awaiting the screen play for this straight to Netflix movie. And, of course, the full incident report that PowerSchool had “promised” us for Jan 17.",8,0,1i5rluo,301,False
TorontoBoris,1737468130,askTO,1i6j2jo,m8ckeg6,"Personally I'm both a little unnerved and curious... I wonder what sort of tea will be spilled..

Like I really wanna know if Becky back in grade 5 really did get her cooties shot or was it a lie? Because she told me she did. And I don't think she did.",19,0,1i6j2jo,252,False
xRUCKUSx,1737468911,askTO,1i6j2jo,m8cmnxg,"I’ll never understand why we insist on collecting all this information, putting it all in one place and then sourcing it out to a third-party foreign company. 

This happens way too much these days in too many industries ,let alone the school boards. Why haven’t we learned by now that trusting our information, t0 third parties is never a safe bet.",35,0,1i6j2jo,349,False
locationWeary_1991,1737470129,askTO,1i6j2jo,m8cqayk,"This also happened in Peel.

If you knew anything about the processes and procedure in public organizations when it comes to IT and data safety and security ...

> I'm particularly interested in some kind of incentive to prevent this happening again. There will be lots of finger-pointing by those responsible. I don't think this should be just another ""<shrug>Oh well!""

... you would feel a bit funny for even asking question like this.

Aside from public organization hiring really bottom of the barrel type of people, having a 3rd party vendor who has full and unrestricted access without TDSB doing any sort of audit on their policies and procedure is ... just another day in office.

I'm honestly surprised that this does not happen more often but then again, dont go by me, I'm above average paranoid when it comes to this. To my credit, I've seen it 1st hand and always had a feeling just like driving in Toronto - it's just a total luck that there are no more car crashes or dead pedestrians.",1,0,1i6j2jo,1001,False
infosec_qs,1737470195,askTO,1i6j2jo,m8cqi4n,"But the PowerSchool paid the hackers to ransom their data, and made them pinky swear to delete it all, so the criminals sent PowerSchool a video of them ""deleting"" the data, so I'm sure it's all fine. Criminals would never *lie* about something like that!

I'm sure everything is fine!

...

I'm furious - my children and I are both impacted. It's a terrible idea to concentrate data at such scale in organizations that *cannot* secure the data. And I don't mean the organizations are doing a *bad* job with security, but rather that, if you understand technology well enough, you understand that *nothing* that can be accessed by anyone is ""secure."" It's just a question of risk appetite - information security will never be a profit incentive for corporations, except possibly for financial institutions operating at large scale, so it will always be inadequate. And by paying the ransom, this only further validates this ""business model"" for bad actors who seek to access and hold data hostage for financial gain.

This $200 cheque is nice and all, but I'd like to see our school boards and healthcare funded well enough that these important functions don't need to be farmed out to massive corporations, thereby concentration risk in a single breakpoint, in the name of ""fiscal (ir)responsibility.""

The cat is out of the bag, though. That data is out there now - anyone who believes that it has actually been deleted is being misled, or very naive.",9,0,1i6j2jo,1453,False
CivilReaction,1737470197,askTO,1i6j2jo,m8cqie3,"I’m not too concern, 90% of the compromised information isn’t relevant to me today. And I graduated from high school 10 years ago. Let the hackers see my terrible grades from high school lol",3,0,1i6j2jo,190,False
000011111111,1737470282,k12sysadmin,1i5rluo,m8cqrnu,"Yeah they audit logs don't lie. 

The CEO of Power School well he does.",5,0,1i5rluo,71,False
braindeadzombie,1737471208,askTO,1i6j2jo,m8cto7c,"I’m so old, my data is on microfilm. My kids and one grandkid, on the other hand, are included in the breach. 

I mentioned it to them, and expressed concern that the TDSB is trusting data to a third party. My daughter and sil who are teachers in the USA love PowerSchool. They say it’s probably better to have them than every school and school board  individually managing their own data. They have a point, individual school boards may not have the expertise to properly safeguard student data. 

OTOH, having one massive repository makes a single very attractive target.",8,0,1i6j2jo,573,False
sounds_familiar_too,1737472454,askTO,1i6j2jo,m8cxpsk,"Yes, but what about your medical information? And your disciplinary record? 

Suppose someone is interviewing for a job and they're doing well, they get to the third round of interviews and then unexpectedly get told they aren't suitable for the job. And it's because the prospective employer has pulled their disciplinary records from the stolen data and seen that they were a wild kid when they were a teenager and aren't the sort of person they want to hire.

Or travel insurance gets declined because they insurance company finds out a someone had a range of allergies when they were a kid and they don't want to risk an expensive bill when someone needs to be flown back from Thailand.",-1,0,m8cqie3,690,False
PhxK12,1737473919,k12sysadmin,1i4hbrr,m8d2mt5,"I agree it could occur to any vendor (K12 or otherwise), but PowerSchool SIS had it coming for sure. They have decades of legacy code. PowerSource was ""killed off"" years ago and replaced by ""PowerSchool Community"", but much of the useful content is still on PowerSource... So they get to maintain two systems forever.  Whatever ""maintain"" actually means at PowerSchool.

The SIS product cannot be fixed - truly. It is not fixable. The only option would be a 100% re-write, but that would alienate all customers to the point they might as well migrate to another vendor. So they keep writing little patches here and there. We get some new features from time to time. It's usually whatever marketing believes is important so they can sell the company again. [In 2015, I remember they developed PowerSchool for Apple Watch](https://www.powerschool.com/news/powerschool-mobile-now-available-apple-watch/). This was the icing on the cake, because there were major things lacking in the product, but Marketing probably decided this sounded more exciting. Did any customer actually use this? Probably not... Now I'm sure the current owners will focus on ""AI"" and then sell PowerSchool SIS again. Just wait for it...

Customers have been allowed to, and have needed to heavily modify their SIS instances to make the product work for them. (Custom fields, pages, plugins, etc). This is mostly PowerSchool's own fault for not being responsive to build the product that we need. Things that should be baked in, like online registration, have instead been an acquisition / integration trainwreck that came decades too late.

PowerSchool spent years of not being responsive to customer feedback, so everyone went wild tweaking PowerSchool to fit their needs, bolting on and endless array of 3rd party apps. Now, for PowerSchool to make improvements, they have to break a lot of those user customizations that we were forced to make.

The database structure is a disaster with legacy design dating back to when Apple owned PowerSchool.

PowerSchool has had too many owners and developers over the decades. Now we're in the phase of private equity vulchers like Vista Equity Partners, Onex Partners, and Bain Capital buying and selling PowerSchool. We all know what is going on... Buy it, find a way to sell it for slightly more, wash your hands of it, on to the next fool to deal with it.

All that being said, where are we all going to go? Infinite Campus? Do we really want to undertake a SIS migration? We'd just be trading our current problems for different ones, likely adding a lot of frustration to all our users during the transition.",2,0,m7v76lh,2628,False
CivilReaction,1737474810,askTO,1i6j2jo,m8d5pnj,"You have valid points I haven’t thought of. Especially with disciplinary records. There could be employers who could hold it against applicants for something they did at 16, even though it’s a different version of who they are as adults. Thank you for seeing different perspectives",2,0,m8cxpsk,281,False
something-strange999,1737474845,askTO,1i6j2jo,m8d5u5k,"You didn't see the circle, circle or dot,dot?? That's on you.",4,0,m8ckeg6,61,False
retiredchildsoldier,1737475141,askTO,1i6j2jo,m8d6w30,Because we always need the cheapest possible option otherwise people flip their shit about government waste. And/or incompetent government employees making decisions they aren’t qualified to make but don’t want to look dumb and ask somebody else.,12,0,m8cmnxg,246,False
CDNChaoZ,1737478391,askTO,1i6j2jo,m8dihnf,I'm among the old student batch. All my information would be out of date.,2,0,1i6j2jo,73,False
ripndipp,1737479313,askTO,1i6j2jo,m8dltip,"I am a computer engineer and super nerdy, the data is already on the onion for sale. They have your childrens name and addresses for sale.",7,0,1i6j2jo,138,False
ApprehensiveLynx8575,1737480974,askTO,1i6j2jo,m8druuz,"If a potential employer uses stolen, private data to evaluate a job candidate, I don't want to work there!",9,0,m8cxpsk,106,False
functi0nal,1737483525,askTO,1i6j2jo,m8e1868,"For students between September 3, 1985 and August 31, 2017, the following information was compromised:

* First, Middle & Last Names
* Date of Birth
* Gender
* Health Card Number
* Ontario Education Number • Home Addresses
* Home Phone Numbers
* TDSB Student Number
* TDSB Email Address
* First Nations, Métis, Inuit Information

For students between September 1, 2017 and December 28, 2024, the following information was compromised:

* First, Middle & Last Names
* Date of Birth
* Gender
* Health Card Number
* Grade Level and School Information
* Start/End Date as a Student
* Ontario Education Number
* EQAO Accommodation Information
* Medical Information (ie. allergies, conditions, injuries)
* Home Addresses
* Home Phone Numbers
* TDSB Student Number
* TDSB Email Address
* First Nations, Métis, Inuit Information
* Residency Status
* Principal/Vice Principal Notes (including discipline notes)",3,0,1i6j2jo,901,False
Gakusei_Eh,1737490612,askTO,1i6j2jo,m8er9ra,"My address, phone number, and health card number changed long, long ago so all they really have is my name, dob, and gender. In other words, nothing.",1,0,1i6j2jo,149,False
murtadi007,1737505791,askTO,1i6j2jo,m8g7xst,I was told the cootie insurance I bought in grade 1 was in perpetuity,1,0,m8d5u5k,69,False
nem0skal,1737512842,askTO,1i6j2jo,m8gu5e6,Link?,1,0,m8dltip,5,False
ripndipp,1737512973,askTO,1i6j2jo,m8gujnb,"Download Tor it's easy as pie, make sure you have some Bitcoin if you want to purchase the data.",1,0,m8gu5e6,96,False
nem0skal,1737514335,askTO,1i6j2jo,m8gyomo,I want to validate your claim,1,0,m8gujnb,29,False
gus_the_polar_bear,1737549003,askTO,1i6j2jo,m8ix90u,"You’re probably right, but to be naively optimistic, if they don’t act in at least somewhat good faith, these groups will struggle to extract ransoms ever again",1,0,m8cqi4n,160,False
gus_the_polar_bear,1737549220,askTO,1i6j2jo,m8ixqi5,"This person is almost definitely just speaking hypothetically, like “there’s no way it’s not on tor”

I suuuper doubt they themselves ever actually saw anything 

Like jfc, you won’t get in trouble for posting screenshots of Tor. It’s of genuine interest to the public here

Therefore almost definitely full of shit",2,0,m8gyomo,315,False
gus_the_polar_bear,1737549569,askTO,1i6j2jo,m8iyj90,"Ok, but it explicitly does *not* mention disciplinary records for students prior to 2017

Sucks for the students from 2017-24, yes, though tbh a lot of people do a pretty good job of embarrassing *themselves* on the internet",1,0,m8cxpsk,224,False
hea4porn,1737594263,askTO,1i6j2jo,m8n78q8,"Security is my 9-5, the TDSB and OCDSB are notorious for having lackluster information security/cyber security. They have suffered many breaches in the past, many undetected. My wife (teacher) receives blackmail emails now and then with odd threats. The address of ours they have on file is from 2019~2020*. My point being, our info is most definitely available for sale on the dark web, educate yourself and become security aware.",2,0,1i6j2jo,431,False
Fresh-Basket9174,1737651338,k12sysadmin,1i87jzh,m8r21t3,"Excellent questions.  

In this case PowerSchool is agreeing to cover all notifications both to staff/students as well as state Attorney General's where necessary.  They are also offering 2 years of credit monitoring/identity theft protection to every person who had information exposed regardless of whether a SS# was attached or not.  

But, we are concerned that their response time may not meet the requirement for our states reporting guidelines so we are handling that piece with an outside firm.  

I do think going forward that having language in a contract regarding covering costs or having the company handle notifications within the legally required timeframe for your state/locality would be a reasonable ask.  For today, we are working with a firm handling this issue for several clients and they will approach PowerSchool to cover the costs for this.  Its not impossible that they will not be able to recoup the costs, but I believe that a firm representing multiple victims will have a better chance then a single small to medium size district will.",3,0,1i87jzh,1065,False
mjh2901,1737651882,k12sysadmin,1i87jzh,m8r41sv,"I am looking at our state’s notification rules (California). So far, my research has shown that our notification timeline starts when we become aware and is not tied to the time of the breach, but it’s very fuzzy as to whether or not the clock starts when the vendor finds out or if it is when the vendor notifies us.  An argument could be made that the vendor is the school district as far as the notification timeline is concerned.",2,0,m8r21t3,433,False
LyokoMan95,1737654593,k12sysadmin,1i87jzh,m8rdw9t,"It is when you become aware. If a district became aware of the breach before the vendor (due to logging, etc) that is when the timeline would start.",3,0,m8r41sv,148,False
TravisVZ,1737656220,k12sysadmin,1i87jzh,m8rjxla,"This is something that's always irked me about the laws in this country (and others maybe?): PowerSchool fucks up and leaks our students' data, but legally *we* are the ones on the hook for notification and the costs associated with that, while the vendor just walks away unscathed.

Now in this case PowerSchool is stepping up, though for our District the breached data doesn't reach the threshold under our state's laws to require notification, so it's moot either way for us. But it wasn't all that long ago that other vendors were breached and we did have to notify, and it was all on us - only thing we got from the vendor was the data that was stolen and a ""we're sorry but you can totally trust us in the future""",5,0,1i87jzh,719,False
Potential_Context_58,1737659269,k12sysadmin,1hw1m3x,m8rv3hg,"Can, with 100% confidence, state that they are not connected.  The school in question does not use Power School and the account that was compromised was a TA\\Clerk not a engineer.",1,0,m5yhj0t,180,False
mjh2901,1737667227,k12sysadmin,1i87jzh,m8so90e,"For the vendor that did not step up, maybe there should be a board policy that bars the school from re-upping with any vendor that causes a data breach and then fails to pay for the incidental costs.",2,0,m8rjxla,199,False
TravisVZ,1737667320,k12sysadmin,1i87jzh,m8sol7c,"This would require the Board to give a shit. To them, it's just why we have insurance",3,0,m8so90e,85,False
StonedSex69,1737675350,Sacramento,1i8h026,m8tge1o,Ya considering their parent company is Apple.,1,0,1i8h026,45,False
chaosind,1737675499,k12sysadmin,1i87jzh,m8tgut9,"My state's laws didn't require us to do any notification because the information we keep in Powerschool is pretty minimal, so we were lucky.",3,0,1i87jzh,140,False
letmecodealready,1737675911,Sacramento,1i8h026,m8ti5tl,Apple sold them a long time ago.,6,0,m8tge1o,32,False
combobulated,1737676324,k12sysadmin,1i87jzh,m8tjhgr,"This is why we have cyber security insurance.

If the costs get to be past what we're comfortable just paying out of pocket, then we go to the insurance. 

So far, our costs aren't expected to exceed what our deductible for said insurance would be.  We're a small, private school.

There's certainly a lot of new talk about contracts and obligations, to go with the already existing talk about such things.  And it's all good and important.

But at the end of the day - there's not always a lot of choices.  And when there are choices, it's not always up to the people who you'd prefer.  And when it is up to certain people, security isn't always at the top of their list.  This is how it's always been.  And incidents like there *hopefully* move the needle a bit on that.  As a small, independent school - we're pretty much at the mercy of vendors and hopefully that larger districts (with more pull...) band together to force change for everyone.  Let's face it, no vendor is going to just willingly accept more risk/accountability than they are forced to.


For us, more of ""what we learn"" is about knowing what information we actually ARE storing/giving and who/when/where it is.  

Fun fact - There is data you cannot DELETE in Powerschool.  So while you ""own"" the data, you don't really have full control over it.  The workaround seems to be to just ""overwrite"" it with false data.  And to the best of my knowledge, there's no tools built-in or available 3rd party to do such thing in a controlled, scheduled, audited, automated, and managed way.",2,0,1i87jzh,1552,False
cudmore,1737676343,Sacramento,1i8h026,m8tjjm1,"The powerschool company seems like a hot potato, they have been acquired/bought by a few different companies. 

From wikipedia …

“In 2006, Pearson School Systems, a division of Pearson Education, acquired PowerSchool, a student information system, from Apple; terms of the deal were not disclosed.[52] PowerSchool was a profitable product for Pearson; in 2014, it generated $97 million in revenue and $20 million in operating income.[53] In 2015, Pearson sold PowerSchool to Vista Equity Partners for $350 million cash.”",24,0,1i8h026,521,False
sambull,1737676967,Sacramento,1i8h026,m8tlit0,why would you put SSN there? that's wild,7,0,1i8h026,40,False
discgman,1737677022,Sacramento,1i8h026,m8tlp2a,Rumor has it the private equity firm used “outside” security consultants aka outsourcing,16,0,1i8h026,88,False
NecessaryNo8730,1737677800,Sacramento,1i8h026,m8to70o,Do we know if SCUSD uses this company?,1,0,1i8h026,38,False
acegikmo21767,1737678803,Sacramento,1i8h026,m8trdv8,"SCUSD used Infinite Campus as far as I’m aware, but FCUSD uses PowerSchool",2,0,m8to70o,74,False
Meta-Reversal,1737678822,Sacramento,1i8h026,m8trg2a,"PowerSchool low-balled me in the past for security-related position. You get what you pay for, assholes.",79,0,1i8h026,104,False
ebagdrofk,1737678945,Sacramento,1i8h026,m8tru4t,"As a former FCUSD student that remembers PowerSchool very well, am I impacted by this? I kind of have a feeling that they didn’t purge my info just because I graduated a while ago.",10,0,1i8h026,180,False
NecessaryNo8730,1737680046,Sacramento,1i8h026,m8tvbwu,"SCUSD definitely uses Infinite Campus and also Schoolmint, which also has a lot of sensitive data entered. I couldn't tell from the article I read if they all serve the same functions.",1,0,m8trdv8,184,False
TheAmazingMelon,1737680772,Sacramento,1i8h026,m8txm0p,You’re awesome lmao love it,5,0,m8trg2a,27,False
whutchamacallit,1737681414,Sacramento,1i8h026,m8tzm38,Pretty common to use a third party company to help you with security tbh.,1,0,m8tlp2a,73,True
marmk,1737681645,Sacramento,1i8h026,m8u0btd,"How ""former""? 

If it's still in their powerschool and you're curious what got stolen, the hackers effectively did a select all from the students (and teachers) table.",8,0,m8tru4t,167,False
Sethuel,1737682130,Sacramento,1i8h026,m8u1th8,"I assume it's for the teachers, since you need it for employment docs. Not saying it's necessary or good to store it on a cloud-based platform, but that's probably the reason they have it stored.",6,0,m8tlit0,195,False
Sethuel,1737682173,Sacramento,1i8h026,m8u1y73,"True, but also pretty common for private equity to take the lowest bid on everything.",15,0,m8tzm38,85,False
aplarsen,1737685111,k12sysadmin,1i87jzh,m8uahgv,"Remember that it was every student on your server ever. It's not only your entire campus, but any student who has ever been on your campus.",2,0,1i87jzh,139,False
aplarsen,1737685205,k12sysadmin,1i87jzh,m8uaqvx,I've been thinking about spinning up something to archive the historical data in a controlled way. I can envision a way where this becomes a service available to anyone.,3,0,m8tjhgr,169,False
3452skd,1737685255,Sacramento,1i8h026,m8uavx1,It's so if the same kid goes to more than one school they keep a single identity.,3,0,m8tlit0,81,False
bad_brown,1737685594,k12sysadmin,1i87jzh,m8ubtfc,"I disagree that Powerschool is 'stepping up'. They are, like any company in this position, working in lockstep with their legal team and doing the minimum necessary to limit legal exposure.

Let's not forget the circumstances around the breach were due to their internal security processes being woefully below the bare minumum, which is why they are going to get sued to oblivion, and rightfully so. I haven't been able to chase down my client's PS rep as yet to get answers to some pointed questions about improvement to those internal processes. I'm guessing because the rep has been told to be quiet.",5,0,m8rjxla,604,False
PersonOfValue,1737687895,Sacramento,1i8h026,m8ui1zr,Similar experience. Private equity meets education software and the results are predictably bad.,17,0,m8trg2a,96,False
TravisVZ,1737687942,k12sysadmin,1i87jzh,m8ui6il,"I agree they're not doing as much as they could, but they are also doing more than the minimum required, such as taking on the costs of notifications themselves, which as I mentioned is stupidly on us and not on them. They could absolutely do what every other vendor does and just wash their hands, then wait for the class action lawsuit to settle with only those customers who bother to sign on",2,0,m8ubtfc,395,False
Widdox,1737689297,k12sysadmin,1i87jzh,m8ultj4,Look up PowerSchool DDA if you want to over weight data in mass.,2,0,m8tjhgr,64,False
pvilkas,1737689937,Sacramento,1i8h026,m8unnmb,It could not have happened to a more deserving group of rich pricks. (the execs not employees),1,0,m8trg2a,94,False
pvilkas,1737690072,Sacramento,1i8h026,m8uo1ic,This- they laid off all the competent employees in favor of the cheapest possible options. They gambled with children’s privacy intentionally to line their pockets.,1,0,m8trg2a,164,False
Neat_Environment_495,1737690274,Sacramento,1i8h026,m8uolwp,"The data breach was because every time they would remote in for support they used a back door. Which per their company standard was left open with a simple 6 character password attached.  With NO 2FA! The company did not enforce it. An upper level admin was compromised who stored all this info on his desktop. It was a total cakewalk for the hacker. 

Source: I am in the affected industry.",77,0,1i8h026,391,False
MrXero,1737693798,Sacramento,1i8h026,m8uxyxn,Embarrassingly bad practices of true.,8,0,m8uolwp,37,False
Meta-Reversal,1737694186,Sacramento,1i8h026,m8uyxwf,"Just because it's common, doesn't mean it's good.",6,0,m8tzm38,49,False
Worldly_Banana_25,1737695146,Sacramento,1i8h026,m8v18y7,I think it’s used for reporting in other (non CA) states.,2,0,m8tlit0,57,False
BeTheBall-,1737696571,Sacramento,1i8h026,m8v4kyb,"Goddamn, that's some bush league shit.",16,0,m8uolwp,38,False
BeTheBall-,1737696671,Sacramento,1i8h026,m8v4t3x,"Were the consultants roughly 13.5 hours ahead of our time zone, by chance?",1,0,m8tlp2a,74,False
whutchamacallit,1737697994,Sacramento,1i8h026,m8v7ohc,"Worked in tech all my life.  The vast majority or small to mid size companies are way better off contracting someone to handle their security.  I'm usually far more concerned with people that try to do it with a Swiss army knife guy that knows a little network administration, a little security, etc. but not a maeter of any of them.  As compared to hiring s service from a company that specializes in it.",3,0,m8uyxwf,405,False
slygo2,1737700389,Sacramento,1i8h026,m8vch47,"Infinite Campus is a competitor to PowerSchool. School Mint does also have sensitive information as it is largely used for new and returning student registration. The registration data will be gathered by School Mint the delivered via API to Infinite Campus. IC and PS is the central nervous system of all student grades, attendance, health records and schedules and much more.",2,0,m8tvbwu,377,False
tranA123,1737711515,Sacramento,1i8h026,m8vvdkw,Where’s the due diligence and audit report shit. All these agencies and no one ever thought to vet them??,6,0,m8uolwp,105,False
VariationTrue5493,1737721657,k12sysadmin,1i87jzh,m8wdybi,"One way to learn is start questioning all your vendors directly now while the PowerSchool incident is fresh in their minds.  I have sent messages to any vendor that has student names and DOB.  I will say some of the responses have been eye opening and has led to some vendors changing their security practices for either our tenant / site or changing their security for all of their customers.  

Feel free to use what I have sent or punch it up to fit your needs.  

In light of the PowerSchool cybersecurity incident, I would like to know what steps “Vendor Name” has taken to secure support accounts that have access to ""District Name"" “Vendor Name” tenant / site.  For example, please provide information such as the support portal is secured behind a VPN, and the support account logins are secured with an MFA / 2FA solution.",2,0,1i87jzh,831,False
NorthernVenomFang,1737724709,k12sysadmin,1i87jzh,m8wlish,"This has sparked ongoing meetings for my manager, director, and myself for the foreseeable future.  Legal team is involved.  Superintendent & our Associate Superintendent is involved. Communications team is involved. Finance manager is involved as he has been worried about AtrieveSRB since he started 5 years ago.

We also now are starting to look at every vendor/3rd party we use for security issues, this is probably going to take the rest of the school year to iron out; BMS systems, boiler systems, lighting, PA systems, clocks... Basically if it connects to the network we have to give it a full audit.

This all should have been done in the first place decades ago.

Cost is not going to be measurable.  The effect is going to be finally, maybe, primary (K-12) might start taking security more seriously as a primary function, instead of putting it off.",5,0,1i87jzh,860,False
Interesting_Tea5715,1737727298,Sacramento,1i8h026,m8wsv0i,"Bruh, they didn't use tokens or smartcards? That shits been around forever and crazy effective. 

Fucken companies. There needs to be more punishment for this kind of negligence.",1,0,m8uolwp,178,False
Interesting_Tea5715,1737727598,Sacramento,1i8h026,m8wtqsm,"Yes, you're probably affected. If their security was that shit it means they prob never archived/deprecated old data. 

Depressing but good news is that your personal info has already been leaked by some other company. It's been happening everywhere. 

The only reason this one is special is because it was completely preventable.",3,0,m8tru4t,330,False
IamaFunGuy,1737727747,Sacramento,1i8h026,m8wu6e7,Bain Capitol strikes again,6,0,m8tjjm1,26,False
lifeisaparody,1737735612,k12sysadmin,1i87jzh,m8xkmgj,Don't forget to ask about Data Protection Agreements and Data Retention policies.,2,0,m8wdybi,81,False
lifeisaparody,1737735997,k12sysadmin,1i87jzh,m8xm1jb,"I was aghast when i found out (before this incident) that data could not be pruned in PowerSchool. Most enterprise databases allow pruning. Oracle DB, which Powerschool uses, has pruning capability.

This also mean that if you were hosted locally, you had to keep upgrading your storage because you couldn't delete anything.

You should also be aware that Cyberinsurance doesn't always cover everything. You need to check the clauses carefully.",1,0,m8tjhgr,444,False
lifeisaparody,1737736176,k12sysadmin,1i87jzh,m8xmp03,"This is why these things happen. Because the Board doesn't really care. If they did, they would be asking to be updated on the results of security reviews every quarter/half-year/year. How many school boards do that?",1,0,m8sol7c,216,False
3sysadmin3,1737739734,k12sysadmin,1i87jzh,m8xzl0u,PowerSchool is working on this after years of us asking for it. Put a ticket in if you want to start convo with them on mass data deletion imo.,1,0,m8uaqvx,143,False
dontshootog,1737743931,cybersecurity,1i2t4os,m8yeq9s,"I'm amazed by the critical path, depth, and breadth of this leak. In my old life I worked as an analyst in post-secondary education. Because post-secondary learned some hard lessons, it grew to have best in class cybersecurity requirements. I'm absolutely shocked that same-as standards are not in place for individuals who are not even adults. It seems Primary and Secondary education seem to be playing fast and loose with data. Kinda problematic when migrating legacy data into an insecure system when those individuals haven't authorized this data-use. Even more problematic when it's active children's information they're stewards of. Network layers of security combined with application security should have prevented this.

If this happened in post-secondary, the news would be MASSIVE and a lot of people would be losing their jobs.",1,0,1i2t4os,840,False
lolwatisthis333,1737749596,Sacramento,1i8h026,m8yyu7i,lmao same. they offered 45k salary for javascript engineer of 2 years exp. immediately left after seeing the campus. the vibe was off,3,0,m8trg2a,133,False
coldbrains,1737749793,Sacramento,1i8h026,m8yziz3,LOL aren’t you glad you ain’t there now,2,0,m8trg2a,39,False
Meta-Reversal,1737751527,Sacramento,1i8h026,m8z5kz9,Indeed.,1,0,m8yziz3,7,False
nope_nic_tesla,1737752225,Sacramento,1i8h026,m8z81t7,"Honestly everyone should assume that their information is already out there either way, because it probably is from one breach or another. 

Freeze your credit with all major bureaus (you can unfreeze if you ever need to open a new account or apply for a loan etc), and make sure all your financial accounts have unique usernames and passwords, with multi-factor authentication enabled. 

This should be standard operating procedure for everyone at this point IMO.",1,0,m8tru4t,464,False
Tr0yticus,1737762486,k12sysadmin,1i87jzh,m906hmz,"I understand your stance, but that’s why we have legal departments and cyber insurance. Sadly, but realistically, this is the cost of doing business.",4,0,1i87jzh,149,False
ThePorko,1737901154,cybersecurity,1iafidv,m99o16n,Google? It is all over most cybersecurity podcasts and other medium by now.,2,0,1iafidv,75,False
Kartoos69,1737901296,cybersecurity,1iafidv,m99ofdz,"Yaa but other than 
MFA
Monitoring 
Shifting security left

Other than these what can I present?",-1,0,m99o16n,96,False
katos8858,1737901836,cybersecurity,1iafidv,m99pxqm,"To be honest a lot of it reinforces the foundations of security.
You’re looking at:
- MFA
- Principle of least access
- Zero trust, verify explicitly
- Passwordless, leverage WHfB, FIDO, etc.

Your key then is trying this to your business context and what your business risk appetite is, but the teachings of the breach aren’t reinventing the wheel, they’re reinforcing what should be a standard practice",5,0,1iafidv,404,False
DropEng,1737903133,cybersecurity,1iafidv,m99tp5s,"Adding:

* Enhanced Access Controls including MFA and stronger password policies
* Regular security audits
* Data Encryption
* Incident Response Plan
* Network Segmentation
* Data Export Controls
* IP address restrictions",1,0,1iafidv,221,False
AppealSignificant764,1737904093,cybersecurity,1iafidv,m99wlos,Could MITRE framework the knows and put relevent defenses for each step of the attack.,1,0,1iafidv,86,False
huhuhuhuhuhuhuhuhuuh,1737906400,cybersecurity,1iafidv,m9a466i,If you don't have those in order that's where your priorities are really.,3,0,m99ofdz,73,False
Prestigious-Past6268,1737910389,k12sysadmin,1iahdgc,m9ahv2a,Good summary,2,0,1iahdgc,12,False
stratdog25,1737911344,k12sysadmin,1iah8vv,m9al6ck,Wait til the Supreme Court upholds the fifth circuit district’s court decision to eliminate the universal service fee.our networks will get real expensive really quick.,10,0,1iah8vv,168,False
namon295,1737911350,k12sysadmin,1iah8vv,m9al76i,"Numbers 1-10 figure out a way to break the chain so vendors actually need to be where they are not based on who they whined and dined and which palms they greased in the various departments of ed but by actually being a quality product.  And not just on the instructional side but actually have something that is actually technologically sound as well. The vast majority of things we (and I am talking specifically my school district in my state) we are soft forced to use because they are one just a few options ""approved"" by the powers that be, and you guessed it it's a choice between a turd, pike of crap, and straight poop.  Until this cycle can be broken, nothing else really matters.",8,0,1iah8vv,690,False
bad_brown,1737911795,k12sysadmin,1iah8vv,m9amrd4,"Interesting that there isn't anything in the top 10 related to vendor management policies and processes, such as vetting them to get assurances of minimum required data security controls being in place.",26,0,1iah8vv,202,False
adstretch,1737912386,k12sysadmin,1iah8vv,m9aotl9,This is something that needs changing. There needs to be an equivalent to PCI for educational tech vendors.,13,0,m9amrd4,107,False
NorthernVenomFang,1737926705,k12sysadmin,1iah8vv,m9c4dta,"I agree with almost everything on that list.

Getting rid of Active Directory I would see as a long term goal.   It has to go, but I think I would rank that as the last thing on that list; MFA, local admin accounts, and shared accounts are far more important security issues that need to be addressed ASAP.",1,0,m9al6ck,306,False
NorthernVenomFang,1737926737,k12sysadmin,1iah8vv,m9c4i8a,"I agree with almost everything on that list.

Getting rid of Active Directory I would see as a long term goal.   It has to go, but I think I would rank that as the last thing on that list; MFA, local admin accounts, and shared accounts are far more important security issues that need to be addressed ASAP.",9,0,1iah8vv,306,False
sy029,1737948059,k12sysadmin,1iah8vv,m9e4udu,"Our district has implemented just about everything on this list except for getting rid of AD, and MFA for students (what kind of MFA do we expect a 6 year old to use?)",8,0,1iah8vv,167,False
ender_grimm,1738014519,k12sysadmin,1iah8vv,m9j0bte,Drool samples?,2,0,m9e4udu,14,False
donaldrowens,1738017527,k12sysadmin,1iah8vv,m9jattk,That article is thrown together. Kind of a joke honestly.,1,0,1iah8vv,57,False
CultureEngine,1738035183,Teachers,1ibsdbm,m9ktkv6,Not to freak you out. But all of your data is already for sale somewhere online if you are over the age of 24.,1,0,1ibsdbm,110,False
mekissab,1738035412,Teachers,1ibsdbm,m9ku7zx,"While a vast number of districts were affected, not all were.  It's always good to be cautious of course.

That said... If youve been a student in a PowerSchool district or a former teacher in an affected districts, then your data was likely compromised there.

PowerSchool has promised to start contacting the individuals whose information was found to be compromised over the next several weeks.",3,0,1ibsdbm,397,False
Familiar-Memory-943,1738036532,Teachers,1ibsdbm,m9kx8z4,"I thought they paid the ransom so the data isn't released. Either way, do you think that this is the beach that got your data out there for sale?",2,0,1ibsdbm,145,False
macaroni_monster,1738039689,Teachers,1ibsdbm,m9l55ff,"I would assume that someone somewhere has all my info - name, DOB, SSN, address. Lock your credit now if you haven’t already. If bad actors don’t have your info from this breach they already have it or will get it from the next hack.",2,0,1ibsdbm,233,False
girlenteringtheworld,1738086663,Teachers,1ibsdbm,m9o7xnx,"Shit, I'm 23 and I know for a fact my data is out on the dark web. My credit card company sends me an email anytime they find my information out there, and I've gotten at least 3 emails since I signed up for their card. 

Not to mention, if you have had a Facebook account pretty much ever, Zuckerberg sold your information ages ago",2,0,m9ktkv6,332,False
Nathanull,1738097821,newfoundland,1icbzl2,m9pcogu,">[The provincial government says some 271,000 students and over 14,000 teachers had their data breached during a cyber security incident involving the PowerSchool platform.

The incident occurred over the Christmas break and was first reported to the provincial government in early January.](https://vocm.com/2025/01/28/261239/)

>[PowerSchool is used in multiple jurisdictions in North America, and it is not just this province that is affected.](https://vocm.com/2025/01/28/261239/)

>[The province says it has been determined that data relating to 271,000 students was accessed by an unauthorized third party, with the oldest records dating back to 1995.](https://vocm.com/2025/01/28/261239/)

>They say 75 per cent of students affected are no longer in the K-12 system.

>Information accessed may include the student’s name, contact information, date of birth, MCP number, medical alert information, and custodial alert information.

>Some 14,400 teachers had their data breached, with records dating back to 2010.

>The province says that about 70 percent of teacher information includes a combination of name, email address, and phone number. A small number of MCP numbers and 749 Social Insurance Numbers were also accessed.

>[All teachers whose SIN numbers were accessed will be notified individually.](https://vocm.com/2025/01/28/261239/)

>[PowerSchool is offering two years of complimentary identity protection services for everyone affected, as well as two years of complimentary credit monitoring services to all those who have reached the age of majority.](https://vocm.com/2025/01/28/261239/)

>[More details about that process will be made available in the coming weeks.](https://vocm.com/2025/01/28/261239/)",11,0,1icbzl2,1725,False
KingM00NRacer,1738098527,newfoundland,1icbzl2,m9pf8sr,Law suit call Bob.,28,0,1icbzl2,18,False
Electronic_Tea_7958,1738099250,newfoundland,1icbzl2,m9phv47,Yikes.,1,0,1icbzl2,6,False
NewfieSealCluber,1738099328,newfoundland,1icbzl2,m9pi58n,"lol, same boat as our healthcare",0,0,1icbzl2,32,True
BeYourselfTrue,1738100122,newfoundland,1icbzl2,m9pl0pa,Good job everyone.,-2,0,1icbzl2,18,False
Appropriate-Pear-235,1738100613,newfoundland,1icbzl2,m9pmt06,When is someone in this administration going to get wise of cybersecurity? I’m guessing we’ll never be told the full details of this just like the data breach that occurred with eastern health because “security”? How convenient,-6,0,1icbzl2,227,False
Nickislander,1738100747,newfoundland,1icbzl2,m9pnacw,"Institutions will just need to get used to this, or spend a lot of time, effort, and money to keep information private. It's certainly not unique to NL",14,0,1icbzl2,151,False
OneBillPhil,1738100847,newfoundland,1icbzl2,m9pnnfw,"Meh, I assume someone has my data at this point and however many breaches. ",0,0,1icbzl2,75,True
Sea_Volume_8237,1738103769,newfoundland,1icbzl2,m9pxu91,Complimentary services? Shucks.,3,0,1icbzl2,31,False
Shoelesshobos,1738105014,newfoundland,1icbzl2,m9q20fv,"Ah neat PowerSchool can reach out to NL healthcare maybe they can both share the costs for the credit monitoring that I have now. 


Lmao fuck me.",2,0,1icbzl2,146,False
Western_Charity_6911,1738107747,newfoundland,1icbzl2,m9qauz1,Are you kidding,0,0,1icbzl2,15,False
the_house_hippo,1738108952,newfoundland,1icbzl2,m9qeowa, Can someone please explain why people who haven't been a student  in decades had their information uploaded to this software?,16,0,1icbzl2,126,False
villa1919,1738109060,newfoundland,1icbzl2,m9qf132,Unfortunately sometimes outside vendors fuck up. It's worth questioning why data was being retained for so long in the system though,6,0,1icbzl2,132,False
the_house_hippo,1738109122,newfoundland,1icbzl2,m9qf864," I don't defend this administration often, but this breach happened on a national level, nothing to do with the local school board or  provincial government",4,0,m9pmt06,156,False
phosphite,1738109181,newfoundland,1icbzl2,m9qfexe,I want Jim “The Hammer” Shapiro!,6,0,m9pf8sr,32,False
No-Effort-9291,1738109486,Teachers,1ibsdbm,m9qgdmh,"Sure they paid the ransom, but that doesn't mean it was truly released.

I haven't had any issues yet, but I don't trust my admin to be forthcoming with the truth. I want to be proactive as well and be aware of any possibilities.",1,0,m9kx8z4,229,False
No-Effort-9291,1738109512,Teachers,1ibsdbm,m9qggmr,Such a good point. What do you mean by lock my credit?,1,0,m9l55ff,54,False
Dregon,1738109922,newfoundland,1icbzl2,m9qhrhg,Fucking pathetic,0,0,1icbzl2,16,False
saysomethingispose,1738110150,newfoundland,1icbzl2,m9qihkl,"Why would a software meant to house student grades, attendance contact/emergency info, etc. need to also house teacher SINs?",4,0,1icbzl2,124,False
macaroni_monster,1738110386,Teachers,1ibsdbm,m9qj8jv,"https://www.reddit.com/r/CreditCards/s/9JM2AxwWbq

You freeze your credit with all 3 credit bureaus and then no one can take out a loan in your name unless it’s you. It’s basically 2 factor authentication.",1,0,m9qggmr,205,False
FederalAnt,1738111251,newfoundland,1icbzl2,m9qm0ti,"Nothing on the provincial government, as the fault was with PowerSchool for the hack. But also why are they holding on to student data from 1995-present? That's 30 years ago. It should be purged after a certain timeframe (say 5 years after graduation) and any important relevant records held by the provincial government.",3,0,1icbzl2,321,False
SF-NL,1738115863,newfoundland,1icbzl2,m9r0ej1,"A more likely scenario is this system has been in use for many years, and the info was entered while those people were students. The software has been around since 1997.",7,0,m9qeowa,169,False
CoffeeCatsAndCurses,1738117411,newfoundland,1icbzl2,m9r554o,"Teacher here.  Received a memo today stating that over a thousand teachers had their social insurance numbers stolen in the breach.  I simply do not understand why the social insurance numbers of staff were loaded into PowerSchool.  Like, what the fuck?  Do they use the program to pay us?  I just don’t understand.",14,0,m9pf8sr,315,False
KingM00NRacer,1738120476,newfoundland,1icbzl2,m9rebgm,"Agreed, the data should have been obfuscated or encrypted.",8,0,m9r554o,58,False
TheRyanCaldwell,1738155581,newfoundland,1icbzl2,m9tcecm,"the way I first thought - There's no way there's 271k students in public school rn. it must go back a few years.   
  
""The oldest student records involved were high school students’ information from 1995""

Lovely. Just lovely.",3,0,1icbzl2,227,False
the_house_hippo,1738156349,newfoundland,1icbzl2,m9tecnx,"Yes, but the article says that student info going back to 1995 was accessed",3,0,m9r0ej1,75,False
EastCoastGrows,1738163089,newfoundland,1icbzl2,m9ty887,Yes. They do use powerschook to pay you.,3,0,m9r554o,40,False
EastCoastGrows,1738163147,newfoundland,1icbzl2,m9tyf07,It's a payroll software aswell.,2,0,m9qihkl,31,False
CakeComa,1738172477,newfoundland,1icbzl2,m9uvgwm,"My bet would be there was a point in time electronic records started being collected, regardless of what software used, and those records were migrated into PowerSchool at some point in time, either in 97, or even more recently.",4,0,m9tecnx,228,False
SuzanneSmalley,1738183055,cybersecurity,1i2t4os,m9vybwb,"I am a reporter writing a story about the PowerSchool breach and am looking for parents and teachers who have been impacted to speak with me. My most recent story on the hack reported that in Toronto PowerSchool's cybersecurity practices led the malicious actor to obtain student disciplinary records and special ed accommodations. There is a lot more to this breach and few of the stories have contained the voices of those affected. Please help me change that! I can be reached at 202-931-9538 or [suzanne.smalley@therecord.media](mailto:suzanne.smalley@therecord.media) 

[https://therecord.media/disciplinary-special-records-toronto-powerschool](https://therecord.media/disciplinary-special-records-toronto-powerschool)",1,0,1i2t4os,723,False
No-Effort-9291,1738192853,Teachers,1ibsdbm,m9wxlmp,This is wonderful. Thanks! I didn't know this was a thing.,1,0,m9qj8jv,58,False
privacy-ModTeam,1738198171,privacy,1id5plr,m9xeitf,"We appreciate you wanting to contribute to /r/privacy and taking the time to post but we had to remove it due to:

>Your submission is Off-Topic.

>You might want to try a Sub that is more closely focused on the topic. If your query concerns network security, we suggest posting it on r/AskNetSec, r/Cybersecurity_Help or r/Scams.

If you have questions or believe that there has been an error, [contact the moderators](http://www.reddit.com/message/compose?to=/r/privacy&subject=Please_review_my_post).",1,0,1id5plr,503,False
carrotcypher,1738198289,privacy,1id5plr,m9xew5e,This would need to be cleared with mods first.,1,0,1id5plr,46,False
kevinmenzel,1738264455,k12sysadmin,1iah8vv,ma26v8m,Getting rid of AD would require getting rid of Windows... Good luck with that...,2,0,1iah8vv,80,False
Thin-Ad2690,1738365840,k12sysadmin,1iah8vv,maa9yqg,Has anyone implemented 2Fa at the student level?,1,0,1iah8vv,48,False
bad_brown,1738366084,k12sysadmin,1iah8vv,maaaq4c,"No. I think it's overkill. Monitoring access and blocking emails for confirming/activating account signups has been enough.

The more complexity between kids and their destination, the more time we take away from their learning. That certainly has to be weighed carefully, and perhaps others see the need. I just haven't had that experience with the students I'm responsible for.",1,0,maa9yqg,379,False
incredibincan,1746196400,Winnipeg,1kd27dr,mq7bgyv,Sounds like you should talk to a lawyer for actual legal advice,33,0,1kd27dr,63,False
ChucklesLeClown,1746196481,Winnipeg,1kd27dr,mq7br04,😆,5,0,1kd27dr,1,False
SousVideAndSmoke,1746196508,Winnipeg,1kd27dr,mq7buge,"Mine is in PTSD too, haven’t gotten the email about credit monitoring yet. Did get the email yesterday about how they’re stepping everything up in cyber.",-2,0,1kd27dr,153,False
ThisisMyThirdPenName,1746196639,Winnipeg,1kd27dr,mq7cau0,"What a great point! Funnily enough, I believe there are many lawyers right here on Reddit. Not to mention other parents who may have already begun the process.",-79,0,mq7bgyv,159,False
ThisisMyThirdPenName,1746196690,Winnipeg,1kd27dr,mq7ch5z,"We received that email yesterday, too, then the ""two years of free monitoring"" one just this morning. I hope you don't get it, because I guess that means they've verified that our kid's info is definitely available on the web now.",-4,0,mq7buge,230,False
smileyoureon,1746196742,Winnipeg,1kd27dr,mq7cnmz,It’s not just pembina trails. It’s every school division that user power school. Which I think is all of them,12,0,1kd27dr,109,False
SousVideAndSmoke,1746196776,Winnipeg,1kd27dr,mq7crum,"I don’t recall giving her SIN when we signed her up for school, but the thing that creeps me out the most is the fact that there’s a picture of her with all of her details.",2,0,mq7ch5z,172,False
ilyriaa,1746196908,Winnipeg,1kd27dr,mq7d88x,What loss did you incur?,25,0,1kd27dr,24,False
Professional_Egg7407,1746196959,Winnipeg,1kd27dr,mq7del3,"Got the email earlier about this. How grave is the situation? Anyone please enlighten me, my son is in uni.",3,0,1kd27dr,107,False
GravyJones204,1746197128,Winnipeg,1kd27dr,mq7dzxa,Yes RETSD was using them too,3,0,mq7cnmz,28,False
MrPerfect4069,1746197162,Winnipeg,1kd27dr,mq7e47h,"I hate to break it to you but compromises and leaked data is just a fact of life these days. If we had class action against every single company that leaked personal data the only careers that would exist is being those lawyers. 

Have a look at haveibeenpwned just to see how big of a problem it really is.",20,0,1kd27dr,307,False
L-F-O-D,1746197226,Winnipeg,1kd27dr,mq7ec55,"I am sickened that this is all they are offering, when this info can be used decades from now against our children and THEY STILL KEEP USUNG THIS SOFTWARE.",-2,0,1kd27dr,155,True
smergicus,1746197305,Winnipeg,1kd27dr,mq7ely4,You haven’t actually suffered any damages.,13,0,1kd27dr,42,False
incredibincan,1746197314,Winnipeg,1kd27dr,mq7en5f,"Just seems whenever people ask about class actions on the internet, they usually want to know if someone else is doing the legwork. And if not, they’re not going to",10,0,mq7cau0,164,False
Captain_control,1746197426,Winnipeg,1kd27dr,mq7f1a8,"So you want free legal advice from random people on Reddit claiming to be lawyers? 
I would suggest you avoid using the word ""funnily"" and lawyer in the same sentence. 
Call a law office and ask for advice or talk to the other parents and ask them what steps they are taking.",21,0,mq7cau0,275,False
renee_rouge,1746197495,Winnipeg,1kd27dr,mq7f9o9,File a complaint with the office the privacy commissioner and tell all others to file the same. That will give you a good foundation. I'm curious about the I'd protection coverage. What does it include and is it through transunion or equifax?,2,0,1kd27dr,242,False
brianp2017,1746197586,Winnipeg,1kd27dr,mq7flai,"Society has changed a lot of things that were just dismissed as ""just the way it is"".  

Technology has moved too quickly for regulators to catch up, but that doesn't mean they're not going to catch up.  There is no way we should be so accepting of breaches of our data.",4,0,mq7e47h,270,False
Lucky_Profile,1746197707,Winnipeg,1kd27dr,mq7g0ld,Also got the email for my kid in RETSD.  But not their sibling who attends the same school.,3,0,1kd27dr,91,False
CarbonKevinYWG,1746197750,Winnipeg,1kd27dr,mq7g5yp,Class action against a publicly funded school isn't the brilliant strategy you think it is.,14,0,1kd27dr,91,False
jayfarb8,1746197800,Winnipeg,1kd27dr,mq7gc53,"You haven’t suffered any damages, they are making a reasonable effort to respond, and this has probably happened to you a dozen times or more with or without your knowledge. Type your email into “haveibeenpwned” which searches for your email in data leaks. Unfortunately this is very common place these days, and will likely only get worse over time.",4,0,1kd27dr,350,False
emjay0710,1746197877,Winnipeg,1kd27dr,mq7glx6,I thought the identity monitoring trials were just for those the age of majority ?,1,0,1kd27dr,82,False
Chantsy4337,1746198591,Winnipeg,1kd27dr,mq7j3kf,"The  according to the email I received it included: name, contact information, date of birth, Social Insurance Number, limited medical alert information, and other related information.

We are in LRSD.",10,0,mq7d88x,201,False
Physical_Access_8873,1746198732,Winnipeg,1kd27dr,mq7jlmw,"The credit monitoring is more for employees of the school division. Our banking, SIN etc would be leaked because of payroll. Students never supplied any of that info at registration.",13,0,1kd27dr,182,False
writeinthebookbetty,1746199205,Winnipeg,1kd27dr,mq7la4e,ill be ur lawyer for $20,12,0,mq7cau0,24,False
chemicalxv,1746199367,Winnipeg,1kd27dr,mq7lumf,Correct. The counterpoint here is that if CAs were flying all over the place whenever this happened and continually costing companies money then they may actually start taking IT security more seriously.,1,0,mq7flai,203,False
giggle_pants,1746199473,Winnipeg,1kd27dr,mq7m89d,"I have two kids at the same school (different division from you), and their emails came an hour a half apart!",2,0,mq7g0ld,109,False
gotil83,1746199615,Winnipeg,1kd27dr,mq7mqb9,"No no, my lawyer Saul Goodman told me we need to think big.  We not just bring class action against a public school, we bring class action to the Manitoba government!  Wait bigger, to the federal government!",5,0,mq7g5yp,207,False
yellowbutter345,1746199773,Winnipeg,1kd27dr,mq7naj8,Happened at my sons school too which isn’t either of those divisions,2,0,1kd27dr,68,False
Christron,1746200369,Winnipeg,1kd27dr,mq7pdyo,Lawyers are not legally allowed to look at reddit.,0,0,mq7cau0,50,False
ghosts_or_no_ghosts,1746200625,Winnipeg,1kd27dr,mq7qact,"So livid that you’re looking to Reddit for free legal advice 🤡

Sounds like you’ve been watching too many US tv shows where you think anyone can just sue anyone when they are not happy.",3,0,mq7cau0,185,False
aclay81,1746200662,Winnipeg,1kd27dr,mq7qf41,"Why would anyone owe you anything, unless there was some sort of negligence on their part and damages on your part?",1,0,1kd27dr,115,False
ilyriaa,1746201050,Winnipeg,1kd27dr,mq7rssq,"I’m in PTSD, like OP. The email we received I copied the excerpt above.",1,0,mq7j3kf,71,False
nefarious_angel_666,1746201053,Winnipeg,1kd27dr,mq7rt7r,So... you wanna sue someone because your fee fees are hurt?,2,0,1kd27dr,59,False
lilecca,1746201067,Winnipeg,1kd27dr,mq7ruyp,LRSD as well and we got that too,1,0,mq7j3kf,32,False
northerngirl0404,1746201506,Winnipeg,1kd27dr,mq7tf6k,Someone should tell all the lawyers on r/legaladvicecanada....lol,1,0,mq7pdyo,65,False
Aggressive-Boat-2236,1746201559,Winnipeg,1kd27dr,mq7tlwi,"If I may comment from the U.S.: I have been a victim of identity theft. I suggest instead of paying for a monitor. You simply lock their credit report with the reporting agencies. I keep mine this way full time. I just use one whatever reporting agency app to unlock when needed, then lock it back up after you are done with applying for credit. It’s free and easy and worry free. No one will be able to apply for credit of any kind until it is unlocked. (At least that’s how it works here for me).",1,0,1kd27dr,498,False
despitegirls,1746627371,bullcity,1kgxoyn,mr2i39s,"""According to North Carolina officials, the company told customers that they paid the hacker a ransom and watched the hacker delete the data via video.""


Not the sentence I ever expect to read of a company that handles sensitive customer data.",15,0,1kgxoyn,244,False
Fair_Scientist2347,1746631866,bullcity,1kgxoyn,mr2xe64,"That was a gaslighting and typical defensive response by PowerSchool. 

So what? How many other scrupulous individuals got to see those records?  What about copies that were made? They have no idea, and cannot.",5,0,mr2i39s,210,False
FlatlinedKCMO,1746642391,k12sysadmin,1kh4kya,mr3y5d0,"""...a threat actor has reached out to some PowerSchool SIS customers in an attempt to extort them using data from the previously reported December 2024 incident..."" 

I just want to know how they are extorting them using the supposedly deleted data...

Seems like they still have the data if they are using the data to extort people...",9,0,1kh4kya,335,False
lower_intelligence,1746642743,k12sysadmin,1kh4kya,mr3zdct,"Received this as well. This is just fucking great.

What an absolute colossal fuckup.",13,0,1kh4kya,85,False
darkcambria,1746642979,k12sysadmin,1kh4kya,mr406k1,That’s why PowerSchool’s efforts to convince people their data was not still in threat actors hands was laughable. They told us with straight faces they were confident the data was gone because they paid and watched it deleted. All of our communications told stake holders to assume their data was still available online.,14,0,mr3y5d0,321,False
K12SrSysAdmin,1746643610,k12sysadmin,1kh4kya,mr42d86,"This is not enough.  Frank Abagnale warns that many fraudsters will wait for the two-year window to expire before launching their identity-theft schemes.

 ""PowerSchool also offered and made widely available credit monitoring and identity protection services for a period of two years to students and faculty of our PowerSchool SIS customers, regardless of whether they were individually involved.""",8,0,1kh4kya,398,False
linus_b3,1746643999,k12sysadmin,1kh4kya,mr43pzs,Mishka McCowan should be let go.  The oversights that resulted in this happening in the first place were egregious.  The handling of the situation made it obvious that their views on cybersecurity are highly flawed (talking up VPN MFA as if internal threats are impossible).  Paying a ransom then repeatedly insisting your assurances from a criminal are valid is absurd.  It's also come to light that they still haven't improved their patching practices - they wait over a month to patch the OS on their servers.,23,0,1kh4kya,512,False
PsychologicalPart793,1746644218,msp,1kh4xlx,mr44hkb,"""received a communication from a threat actor demanding a ransom using data from the previously reported December 2024 incident. TDSB’s FAQ page includes a list of the impacted information. TDSB does not store any Social Insurance Numbers, financial or banking information in PowerSchool, so that information was not affected in any way by the breach. ""

Why did they pay the first ransom then?",7,0,1kh4xlx,394,False
despitegirls,1746645634,bullcity,1kgxoyn,mr49bt5,"I'm not surprised they paid the ransom. I'm surprised they said ""we watched them delete the data"".

To be fair though, that information was from ""North Carolina officials"" who spoke to the company, so there's probably some information lost in that response.",3,0,mr2xe64,257,False
malseraph,1746645924,k12sysadmin,1kh4kya,mr4ab9c,"Never pay the ransom.  It just encourages them more and these ransomware gangs rebrand all the time, so it's not like their reputation matters.",11,0,1kh4kya,143,False
Lake3ffect,1746647624,msp,1kh4xlx,mr4g63g,Need a hazmat suit for this shit show,3,0,1kh4xlx,37,False
07C9,1746648697,k12sysadmin,1kh4kya,mr4jtos,"And this is why you don't pay the ransom. Also, +1 for Mishka should have been fired already. They handled this so, so poorly.",27,0,1kh4kya,126,False
sarge21,1746649035,k12sysadmin,1kh4kya,mr4kzva,"https://databreaches.net/2025/05/07/powerschool-paid-a-hackers-extortion-demand-but-now-school-district-clients-are-being-extorted-anyway/

If the message is basically just ""Hello, we are ShinyHunters, please give us 25 bitcoin"" 

Do we have actual hard confirmation that stolen data is still in use?",19,0,1kh4kya,300,False
jeeverz,1746650496,msp,1kh4xlx,mr4q91b,Did you have to FOIP this memo from the Calgary Board of Education?,1,0,1kh4xlx,67,False
snowpondtech,1746651316,msp,1kh4xlx,mr4t5su,"> Why did they pay the first ransom then?

It's generally cheaper and faster to pay the ransom then rebuild from scratch. Assuming their backups were hosed by the hackers.",1,0,mr44hkb,171,False
lower_intelligence,1746652586,k12sysadmin,1kh4kya,mr4xlu9,"Yes, they were provided with data samples per the news articles.",5,0,mr4kzva,64,False
sarge21,1746654630,k12sysadmin,1kh4kya,mr54acx,Which articles say this?,6,0,mr4xlu9,24,False
bradrel,1746655004,msp,1kh4xlx,mr55gn2,"They didn’t lose any data. They paid for the sole purpose that the threat actor wouldn’t release the stolen data, and “promised” to delete it.",2,0,mr4t5su,142,False
jeeverz,1746656253,msp,1kh4xlx,mr59ae5,">threat actor wouldn’t release the stolen data, and “promised” to delete it.

(☞ﾟヮﾟ)☞ ☜(ﾟヮﾟ☜)",3,0,mr55gn2,93,False
RevolutionaryPizza64,1746657603,k12sysadmin,1kh4kya,mr5da5y,"K12six has circulated a redacted version of the full email to members, and ShinyHunters was the culprit of the December breach. At least one district who received the mail said the data was consistent with what was exfiled.",4,0,mr54acx,223,False
RevolutionaryPizza64,1746657925,k12sysadmin,1kh4kya,mr5e89f,"What parts do you feel were handled poorly post-breach? Aside from stating they were confident that the attackers really deleted the data, the response has been one of the better ones I’ve seen, especially for something with this large of a blast radius with such sensitive information. They missed notification deadlines for some districts’ DPAs, and some of their self-imposed deadlines for info updates were late, but still the fastest notification I’ve been a part of. If there’s more I need to be mad about, please let me know 😂",2,0,mr4jtos,533,False
sarge21,1746657935,k12sysadmin,1kh4kya,mr5e9bm,"Ah, thanks. I suppose nothing much I can do except wait until this information becomes public or we become a target of the breach ourselves.",1,0,mr5da5y,140,False
RevLoveJoy,1746658090,msp,1kh4xlx,mr5epgg,"> They didn’t lose any data. They paid for the sole purpose that the threat actor wouldn’t release the stolen data, and “promised” to delete it.

What?

*If they didn't lose any data then WTF was stolen?*",2,0,mr55gn2,204,False
bradrel,1746658229,msp,1kh4xlx,mr5f453,"Lose in terms of being deleted from the production system. Sensitive data was copied but not deleted, therefore there was nothing to restore from backup.",1,0,mr5epgg,153,False
CptUnderpants-,1746658825,k12sysadmin,1kh4kya,mr5gv37,">And this is why you don't pay the ransom.

Immediately discarding the option of paying is the wrong approach. You rely on your cybersecurity experts and insurance provider to advise on the best course of action.

Unless you are a top-tier cybersecurity specialist in this area, your suggestion is without merit. 

Do you know what is going to happen to ShinyHunters? They'll disappear. The ransomware industry is a multi-billion dollar sector and they take care of their own. If people stop paying the ransom, their income disappears.

There are numerous examples of smaller groups being targeted by the bigger ones for causing victims to lose confidence in the process.",5,0,mr4jtos,671,False
07C9,1746659219,k12sysadmin,1kh4kya,mr5hzmf,"You kind of said it yourself. They shouldn't have ever tried to assure customers that their data was safe, just because they paid the ransom. They blew it on all of their promised deadlines as well like you said.. the CrowdStrike report was a month and a half late (maybe even later?), the district communication was late. Was *anything* on time from them? The web conference with Mishka trying to explain what happened was awful too.

It's also within the realm of possibility that they were tipped off about this entire thing in the first place by a user on here who asked them why GB's of data from their on-prem PS instance was getting exfiltrated to a Ukranian IP. Data exfiltrated 12/19-23ish. PS isn't officially aware until 12/28 which is *after* someone on here said they had reached out with questions.",4,0,mr5e89f,812,False
07C9,1746660515,k12sysadmin,1kh4kya,mr5lugq,"That's a reasonable take. However, I don't think you have to be a Cyber Security expert to know that *generally speaking* paying the ransom isn't advisable. This is the direct guidance of FBI, CISA, etc. I agree there are variables and every situation is different. And that if this happened to us, obviously we're going to take the advice of experts. I guess it comes down to the reputation of the TA. Clearly this one didn't care. So sure, maybe it's more nuanced than 'just don't pay it ever'... but in most situations I still think it's the recommended approach. PS essentially took your advice and still got burned. Also, how do you know that a TA isn't impersonating another TA that has a good reputation of not releasing stolen data? Pretty sure PS hired a third-party company (cybersteward.com) to negotiate with the TA. Sounds like they both got played.",6,0,mr5gv37,862,False
RevolutionaryPizza64,1746661396,k12sysadmin,1kh4kya,mr5oh20,"That's absolutely fair. On the front end, the lack of hygiene that lead to the account compromise, coupled with the on-by-default remote access tool, and they definitely screwed the pooch on that side of the incident. But I guess we just have a different threshold for performance on the other side. When I compare their response to other breaches I've been notified of either as an individual or an organization, PS's was the most transparent and most timely, even if late. Even though the Crowdstrike report was late, it was still more than I've ever received from any other provider following an incident. I don't have a vested interest in defending them, but I've pointed to their response process a few times as an example for other providers to follow (but if anyone from PowerSchool is on here and wants me to have a vested interest, send check or money order to.... 😜)",2,0,mr5hzmf,876,False
CptUnderpants-,1746663695,k12sysadmin,1kh4kya,mr5uzj2,">I don't think you have to be a Cyber Security expert to know that *generally speaking* paying the ransom isn't advisable.

That is correct, but isn't what you said. I have a real problem with the narrative going around that paying is never an option.

>This is the direct guidance of FBI, CISA, etc.

Also correct, but their interests are a global reduction in ransomware, and they know that in many cases paying it would be considered a crime, even if there are potential ways to get that done which make it impossible to prosecute.

The FBI, etc are less concerned about an individual school even if release of exfiltrated data will likely cause kids to take their own lives. In my school, I've had those discussions and it is significant enough risk to include in the decison making process. It's also why 30% of my opex is spent on cybersecurity. 

I'm not sure if it is similar where you are, but we are required to keep detailed case notes electronically. Those can often contain a lot of very sensitive mental health information, which is why a student could be put in a state of distress if they were published. If that isn't the case where you are, I can understand why it wouldn't be of such high concern if it were simply identity theft and grades being published.

>And that if this happened to us, obviously we're going to take the advice of experts.

Not just any experts, but experts who are paid to prioritise your interests (including the wellbeing of your students) over everyone else's.

>PS essentially took your advice and still got burned.

You followed the advice of experts, or experts who are paid to prioritise your interests? Either way, it is like any specialised area, they can get it wrong. Doesn't mean we should stop trusting people more experienced and qualified than us who are required to put our interests first.

>Also, how do you know that a TA isn't impersonating another TA that has a good reputation of not releasing stolen data?

That is why you hire experts who have the knowledge to be able to tell you.

>Pretty sure PS hired a third-party company (cybersteward.com) to negotiate with the TA. Sounds like they both got played.

We don't know if CyberSteward gave flawed advice, or the best advice they could in the circumstances.

It isn't going to change my position that I know I don't have enough experience or current knowledge to make recommendations to my school in these circumstances. I have a guy I trust entirely for this kind of situation if we ever need it. If he says pay, we'll pay.",-1,0,mr5lugq,2542,True
Candid-Ability-9570,1746664919,bullcity,1kgxoyn,mr5ygix,"wtf. If my kids’ data was part of the breach, don’t I need to be informed directly? I didn’t get anything about this.",2,0,1kgxoyn,117,False
Mobile_Highlight282,1746666554,bullcity,1kgxoyn,mr634y6,NC is moving to a new system next school year. Teachers are currently be trained on the new system.,1,0,1kgxoyn,99,False
wjr10110,1746667918,k12sysadmin,1kh4kya,mr678ut,Thanks for sharing this.,3,0,mr4kzva,24,False
Fair_Scientist2347,1746671570,bullcity,1kgxoyn,mr6hm8u,How were you made aware of the stolen personal information?,-1,0,mr5ygix,59,False
Fair_Scientist2347,1746671635,bullcity,1kgxoyn,mr6hskr,How were you made aware of the PowerSchool hack?,-2,0,mr634y6,48,False
Candid-Ability-9570,1746673776,bullcity,1kgxoyn,mr6nbge,This article you just posted. Were parents contacted? How do I know if my child’s data was in the breach?,2,0,mr6hm8u,105,False
djsourballz,1746683664,msp,1kh4xlx,mr785b6,PowerSchool is a horrendous dumpster fire. Been dealing with them since the breach and they're complete MIA. Asking for the simple shit.. give me the list of ppl who received Identity Protection invites and who actually signed up.. they ignore and stall as much as possible.,1,0,1kh4xlx,274,False
cleveradmin,1746705818,msp,1kh4xlx,mr8bo70,No they emailed it to all parents.,1,0,mr4q91b,34,False
crackerjeffbox,1746710705,k12sysadmin,1kh4kya,mr8oyob,"Id be skeptical.  I reported a vulnerability to this company before and they didn't fix the root of the problem and kind of ghosted me when I mentioned it.

They had some testing company they acquired and would sell these scanners and some glorified scantron app that uploaded everything to their website, basically scan it and they use OCR to input grades.  
  
They would also give you the creds if you asked, the creds were basically an easy combo of your state and county name, password was an IBM default ""essex""  I reached out to the next county over to ask if this was also their creds/server and they confirmed.  When i reported it, they acknowledged and just changed both county passwords and ghosted me on the follow up.  I cant remember the name of the software, but it did store some simple student data and in theory you probably could've logged in to every customer and deleted/modified tests on testing day.",2,0,mr3y5d0,922,False
yamamsbuttplug,1746712877,cybersecurity,1khqnbw,mr8vopl,Even more reason to NOT pay the ransom. Getting too greedy and nobody will pay,52,0,1khqnbw,78,False
GuaranteeSubject3460,1746713065,cybersecurity,1khqnbw,mr8w9zt,They do nothing. Any of the smaller SDs have no security staff. They just have a vice principal who also buys the iPads. Student security needs to be regulated and funded.,19,0,1khqnbw,171,False
discgman,1746713959,cybersecurity,1khqnbw,mr8z7q7,"Smallish to med size school district here in California. We are required per our technology insurance companies to have security tools and protocols in place to prevent any ransomware attack. Some of the smaller schools struggle with those costs due to the price to implement these security requirements. There needs to be more money provided to the smaller school districts to protect them from these attacks. Powerschool is its own SIS cloud based entity. So either one of the schools accounts that accesses powerschool was compromised or something, the article doesn't get into details on how they where breached.",3,0,1khqnbw,616,False
RevLoveJoy,1746714794,msp,1kh4xlx,mr9209z,"Okay, I get what you're saying.

The problem here is you used the ambiguous term ""lose"" which can mean a couple of things. A clearer way to say what you're saying is ""the stolen data was not *removed* from PowerSchool servers."" Because in this event, PowerSchool certainly did lose data - data was stolen.",-1,0,mr5f453,305,False
updatelee,1746714822,cybersecurity,1khqnbw,mr923oo,"100% they arent doing enough, most companies arent. My bank (top 5 largest in Canada) doesnt even support passkeys yet. Honestly its come to the point imo legislation needs to be enacted to set standards for how protected information is stored(encrypted, geo location etc), how it can be accessed (passwords, passkeys etc), how it can be transmitted (encrypted/plaintext) ... and the big one ... acountability, how do they handle breaches, what actions do they take and what reprocusions are there. 

They need real input from security leaders to draft such changes. Right now its a free for all and half the companies are doing nothing. PowerSchool should be an eye opener",5,0,1khqnbw,673,False
thejournalizer,1746715457,cybersecurity,1khqnbw,mr948q9,"Schools and higher ed are inadequately supported through funding and resources, so this will continue to be a threat actors ' playground. My team issued a landscape update on this a while back, and the bottom line is that threat actors will test out new techniques on schools because of their poor controls. It lets they do a trial run with minimal resistance before trying it on their primary targets.",9,0,1khqnbw,402,False
Some-Ant-6233,1746715561,cybersecurity,1khqnbw,mr94le8,It’s an older breach. Here’s more https://www.bleepingcomputer.com/news/security/powerschool-previously-hacked-in-august-months-before-data-breach/,2,0,mr8z7q7,147,False
SousVideAndSmoke,1746715957,cybersecurity,1khqnbw,mr95y31,"My daughter goes to a school that uses this system and her school division was also ransomwared with data exfil. At 10, she’s already been a victim of two significant breaches.",9,0,1khqnbw,176,False
DigmonsDrill,1746716714,cybersecurity,1khqnbw,mr98ihi,"I mean, totally seriously, that this is going to impact the market reputation of other ransomware actors. Some have worked hard to establish that their ransom demands will be respected.",19,0,mr8vopl,185,False
Hazy_Arc,1746717471,k12sysadmin,1kh4kya,mr9b2xg,But they pinky promised!,2,0,mr406k1,24,False
kiddo19951997,1746717991,bullcity,1kgxoyn,mr9cviy,"I just read a headline where the hacker is now moving on to extort the victims. PowerSchool is of course regretting this development. But this hack was known in the cyber community months ago and sorry, I do not have a kid in DPS and I am not sure how notifications were handled by PowerSchool (meaning I am not sure whether affected schools got notified).",2,0,1kgxoyn,356,False
CaptainXakari,1746718067,cybersecurity,1khqnbw,mr9d4x2,"The ransom group didn’t delete the data? Man, if you can’t trust criminals to do the thing they promised, who CAN you trust?",9,0,1khqnbw,124,False
According_Claim_9027,1746718326,cybersecurity,1khqnbw,mr9e0wh,"No, they’re not. When I look at the platforms where my data was leaked from, the only ones there are for school services we were either forced to use or unknowingly used by them, including PS. It’s clear they don’t have the level of care they need for peoples’ data.",1,0,1khqnbw,266,False
Fair_Scientist2347,1746719154,bullcity,1kgxoyn,mr9gw8i,"I guess that's my point; am not sure whether the school our child is at makes any difference at all.

PowerSchool is a company in California. They've had personal info taken for everyone with a child in the Durham, and other counties, Public School system, not just those in particular schools. 

There hasn't been any notice given by DPS that I'm aware of.",0,0,mr9cviy,357,False
ThePorko,1746720363,cybersecurity,1khqnbw,mr9l2cf,Better question is do they have the $ to secure data?,2,0,1khqnbw,53,False
kiddo19951997,1746720530,bullcity,1kgxoyn,mr9lmuw,"So the impact really depends on schools or systems and what information was collected and stored. Some school systems seemed to have stored SSN, others did not. 

I know that schools reached out to PowerSchool when the news first got out and they may have gotten more information. I remember that in general, lack of communication was frustrating.",1,0,mr9gw8i,347,False
HydraDragonAntivirus,1746720699,cybersecurity,1khqnbw,mr9m7eq,Some people are saying we already lose cyber war due to ransomware etc.. People lose to cyber war because some goverments allowing ransomware and they actually support it. If you are safe from ransomware it doesn't mean other peoples are safe. We need to do radical changes from cybersecurity to fix ransomware problem.,1,0,1khqnbw,319,False
PortalRat90,1746720864,cybersecurity,1khqnbw,mr9mr69,"Not to steer away from the focus on schools, but even local and state governments suffer from inadequate cybersecurity and extremely limited resources. It is concerning that schools spend more money on athletics than other areas that need attention. The money is there for a lot of schools, the boards need to prioritize better and be held accountable.",2,0,1khqnbw,352,False
HydraDragonAntivirus,1746721042,cybersecurity,1khqnbw,mr9nci5,"I read from somewhere it says ransomware gangs really giving your data back if you pay it but that doesn't always happens and sometimes they ask more. Even if you are didn't pay if you contact with them you are motivating them. Ransomware gangs goal is not only earn money, they want delete your data forever by attacking you. Data recovery companies wants to get more money from ransomware gangs requested which makes people to think should I pay to ransom?",2,0,mr9d4x2,458,False
HydraDragonAntivirus,1746721200,cybersecurity,1khqnbw,mr9nvrg,And some ransomware gangs says data recovery companies contact with us to recover data.,1,0,mr9nci5,87,False
discgman,1746721578,cybersecurity,1khqnbw,mr9p5ve,I remember now. It was an internal breach that was caught by an outsider,3,0,mr94le8,72,False
Waimeh,1746722219,cybersecurity,1khqnbw,mr9rbqn,"This makes me so angry to think about, but it's just another item on the list of things underfunded in public education in the US. The vast majority of districts need help. Some in my state have banded their IT resources together so they can get volume discounts. It's better, but it's not enough. The free resources provided by MS-ISAC are a boon, but they need more state funding if they are going to stand a modicum of a chance against cybercrime actors with cash to burn.",2,0,1khqnbw,475,False
hecalopter,1746726118,cybersecurity,1khqnbw,mra4uf1,"I'd never realized how bad it was until we looked into it for a report to some of our education customers, but yeah, education software has had a tough go in recent years (Besides PowerSchool). Not to mention the fairly frequent database dumps on places like BreachForums and schools/districts getting named and shamed regularly on ransomware disclosure sites. These were some of the bigger ones that got some notoriety, so roughly 1 per year since 2019:

Raptor Technologies: In January 2024, Raptor Technologies, a school safety software company, experienced a significant data breach. This breach exposed millions of records, including sensitive data and personal information of students, parents, and staff. The breach involved the exposure of over 4 million records. The data included school lockdown plans, student medical records, information on students flagged as posing a threat, evacuation plans, court documents, staff and student ID numbers, and details about school security measures. [https://www.twingate.com/blog/tips/Raptor-data-breach](https://www.twingate.com/blog/tips/Raptor-data-breach) & [https://www.k12dive.com/news/raptor-technologies-school-safety-data-leak/704790/](https://www.k12dive.com/news/raptor-technologies-school-safety-data-leak/704790/)

Cengage: Vulnerabilities in Cengage, an EdTech provider, were identified, allowing malicious actors to read and alter students' personal information by accessing browser sessions or network proxy log. [https://www.nbcnews.com/tech/security/powerschool-hack-data-breach-protect-student-school-teacher-safe-rcna189029](https://www.nbcnews.com/tech/security/powerschool-hack-data-breach-protect-student-school-teacher-safe-rcna189029)

Illuminate Education: In 2022, Illuminate Education experienced a significant data breach, exposing the personal information of millions of students across the United States (primarily in NY and CA), including sensitive details like names, demographics, special education status, and free/reduced lunch eligibility, students from the New York City public school system alone where around 820,000 students' data was compromised; this breach occurred between December 2021 and January 2022. 

Battele for Kids: In 2021, the Chicago Public Schools system also fell victim to a damaging cyberattack. CPS used a teacher evaluation vendor named Battelle for Kids, which was the target of a ransomware attack. As a result, nearly 500,000 CPS students and close to 60,000 employees had their personal data exposed. [https://chicago.suntimes.com/education/2022/5/20/23132983/cps-public-schools-data-breach-students-employees-records-battelle-kids](https://chicago.suntimes.com/education/2022/5/20/23132983/cps-public-schools-data-breach-students-employees-records-battelle-kids)

Pearson AIMweb: In 2019, Pearson AIMSweb was the target of a cyberattack that exposed student data in the AIMSweb student assessment program. The breach affected about 13,000 school and university accounts. ",2,0,1khqnbw,2989,False
DrBoss18,1746729556,cybersecurity,1khqnbw,mragqmk,Ransom-wares are becoming less common now anyway. It’s simply not efficient enough for companies to be doing so.,-4,0,1khqnbw,112,False
sarge21,1746730457,msp,1kh4xlx,mrajtcb,Most people get what they said and it's not that ambiguous,2,0,mr9209z,58,False
uid_0,1746733867,cybersecurity,1khqnbw,mravaid,You should make your own post and not hijack someone else's.,1,0,mrap22y,60,False
justanameform,1746736472,bullcity,1kgxoyn,mrb458f,"Are your kids in DPS? We got a message from the district when this originally happened in February. I assumed it went to the entire district, but maybe not.",1,0,mr6nbge,156,False
justanameform,1746736570,bullcity,1kgxoyn,mrb4h8w,There was a message from DPS to families when this originally happened.,2,0,mr9gw8i,71,False
Candid-Ability-9570,1746740766,bullcity,1kgxoyn,mrbi35q,Yeah they are. I didn’t get anything.,1,0,mrb458f,37,False
justanameform,1746741352,bullcity,1kgxoyn,mrbjvch,"Interesting. Do you get the regular district messages from Sheena Cooper? Looking back at it, it definitely looks like it is written for the district at large.",1,0,mrbi35q,159,False
MistSecurity,1746741843,cybersecurity,1khqnbw,mrblbvv,">even after the company paid hackers to delete the stolen data. Turns out the data wasn't wiped after all.

This kind a behavior damages the reputation of ALL ransomware groups, and will likely lead to the group that perpetrated this attack to be attacked or turned in by other groups, funnily enough.

Ransomware groups have a pretty strong code that is there to benefit all of them. If a bunch of groups pop up that simply take the ransom and don't unlock, or don't delete the data, etc. people will simply stop paying the ransoms.",0,0,1khqnbw,533,False
MistSecurity,1746741934,cybersecurity,1khqnbw,mrbllk6,"On a personal level, sure. For these big jobs, they are normally perpetrated by well-known groups. They have a reputation to uphold, otherwise companies will simply opt to not pay and work on data recovery themselves.",2,0,mr9nci5,217,False
justanameform,1746748404,bullcity,1kgxoyn,mrc3wua,"FYI, I just got another email update on this from the district (different from the one I was talking about earlier from February). If you didn't receive it, I would check with the data manager at your kids school about making sure they have the correct email for you on record with the district communications office.",1,0,mrbi35q,317,False
barkingcat,1746751089,cybersecurity,1khqnbw,mrcb3oh,This is a good thing. The ransomeware groups should just attack each other and no one should pay ransoms at all because paying just means someone will release the data later and it's never deleted anyway.,1,0,mrblbvv,204,False
Otherwise-Wasabi-593,1746754813,msp,1kh4xlx,mrcl5ss,Does anyone know if our google mail was compromised as in is it linked to Power Schools?,1,0,1kh4xlx,88,False
Possible-Network-620,1746786726,cybersecurity,1khqnbw,mreaoa7,"I think it's time we form a group will call our selfs the C team short for cyber team kinda like the A team but with a C so will have cyber security specialist work with triangulation people kick them off other people's networks smoke cigars triangulate them and make money

I mean why be a cyber worrier when you can be a blackhat killa",0,0,1khqnbw,337,False
Sunitha_Sundar_5980,1746801459,cybersecurity,1khqnbw,mrfcrbm,"Wild, isn’t it? Even in the world of cybercrime, “reputation” matters.  
When one group breaks the so-called ransomware code by not deleting data after payment it shakes trust across the entire underground economy.

This kind of betrayal doesn’t just damage victims. It disrupts the criminals’ business model too. Because once trust is gone, so is the ransom revenue.

Hard to believe we’re talking about **trust** among hackers but that’s how fragile and bizarre the ecosystem really is.",0,0,mrblbvv,488,False
cleveradmin,1746809893,msp,1kh4xlx,mrg4fr0,"I have not heard or seen anything regarding that. It's highly unlikely, however.",1,0,mrcl5ss,80,False
HawaiiSysAdmin,1746811384,k12sysadmin,1kh4kya,mrg9d8r,So now ShinyHunter has ruined their credibility. I don't think they'll be getting many more ransoms paid since now we know that they are not going to delete the data after receiving the ransom payment. Stupid move on their part to not keep their word. No honor amongst thieves still rings true here.,4,0,1kh4kya,299,False
AutoModerator,1746812310,pwnhub,1kiogda,mrgcg22,"**Welcome to r/pwnhub – Your hub for hacking news, breach reports, and cyber mayhem.**  

Stay updated on **zero-days, exploits, hacker tools, and the latest cybersecurity drama**.  

Whether you’re **red team, blue team, or just here for the chaos**—dive in and stay ahead.  

Stay sharp. Stay secure.  

**[Subscribe and join us for daily posts!](https://www.reddit.com/r/pwnhub/)**


*I am a bot, and this action was performed automatically. Please [contact the moderators of this subreddit](/message/compose/?to=/r/pwnhub) if you have any questions or concerns.*",1,0,1kiogda,566,False
NorcalEDU,1746833649,k12sysadmin,1khu3sh,mri6oc4,Has anyone published the email that districts are receiving?,1,0,1khu3sh,60,False
981flacht6,1746846033,cybersecurity,1khqnbw,mrj2ubf,"They already hold a reputation for not being trusted. 

They're why it's always said, never pay the ransom. You don't negotiate with terrorists.",1,0,mrfcrbm,144,False
Aggressive-Cicada85,1746876935,k12sysadmin,1khu3sh,mrkneu1,"
Dear Valued Customers:

We are writing to inform you of a recent development related to the cybersecurity incident PowerSchool experienced in December 2024.

PowerSchool recently became aware that a threat actor has reached out to some PowerSchool SIS customers in an attempt to extort them using data from the previously reported December 2024 incident. We do not believe this is a new incident, but we wanted our customers to be informed, nonetheless.

As you all are likely aware, in the days following our discovery of the December 2024 incident, we made the decision to pay a ransom because we believed it to be in the best interest of our customers and the students and communities we serve. It was a difficult decision, which our leadership team did not make lightly. As is always the case with these situations, there was a risk that the bad actors would not delete the data they stole, despite assurances and evidence that were provided to us.

In light of this, I want to take a moment to remind you all that following the December 2024 incident, PowerSchool also offered and made widely available credit monitoring and identity protection services for a period of two years to students and faculty of our PowerSchool SIS customers, regardless of whether they were individually involved. We encourage you all to take this opportunity to remind your communities that these services are still available. If you choose to send an update to your families and educators, we have included a suggested message for you to send below.

As a reminder, information about credit monitoring and identity protection services and enrollment can be found on our website:

For customers in the U.S.: https://www.powerschool.com/security/sis-incident/notice-of-united-states-data-breach/

For customers in Canada: https://www.powerschool.com/security/sis-incident/notice-of-canada-data-breach/

We sincerely regret the occurrence of the 2024 incident. We will continue supporting our valued customers and law enforcement as we work through this together. If you have any questions or concerns, please don’t hesitate to reach out to your CSM.

Sincerely,
Hardeep Gulati
Chief Executive Officer, PowerSchool


￼

FORM LETTER FOR FAMILIES AND EDUCATORS

Subject: Important Update Regarding PowerSchool Data Security

Dear families and educators of the [INSERT] community:

We are writing to inform you of a recent development related to the cybersecurity incident PowerSchool experienced in December 2024.

PowerSchool is aware that a threat actor has reached out to multiple school district customers in an attempt to extort them using data from the previously reported December 2024 incident. PowerSchool does not believe this is a new incident.

Please be assured that both PowerSchool and [insert school/district] are taking this situation very seriously. PowerSchool has informed us they are working with cybersecurity experts to thoroughly assess this development and have reported it to law enforcement in both Canada and the United States.

As a reminder, following that incident PowerSchool also offered and made widely available credit monitoring and identity protection services for a period of two years to students and faculty [insert school district] regardless of whether they were individually involved. We encourage all those who were offered these services to take advantage of them:

For individuals in the U.S.: https://www.powerschool.com/security/sis-incident/notice-of-united-states-data-breach/

For individuals in Canada: https://www.powerschool.com/security/sis-incident/notice-of-canada-data-breach/

As was reported earlier this year, PowerSchool made the decision to pay a ransom because they believed it to be in the best interest of their customers and the students and communities they serve. As is always the case with these situations, there was a risk that the bad actors would not delete the data they stole, despite assurances and evidence that were provided PowerSchool.

We wanted to share this update as part of our ongoing commitment to transparency. We remain committed to working closely with PowerSchool and law enforcement to provide support in any way we can.

Sincerely,

[INSERT NAME]

￼￼￼￼￼

PowerSchool 150 Parkshore Drive, Folsom, CA 95630, USA

© 2025 PowerSchool Group LLC. All rights reserved. Unsubscribe",1,0,mri6oc4,4349,False
NorcalEDU,1746890444,k12sysadmin,1khu3sh,mrln2qr,"Sorry, Should have been more clear. A copy of the extortion email. Would like to write a few rules to see if we have or do get one.",5,0,mrkneu1,131,False
USMCrules02,1746912495,cybersecurity,1khqnbw,mrngtjk,"What are the odds they even give your data back if they did fully secure it. They usually don't, and that's why the FBI says do not pay.",1,0,mr8vopl,136,False
Inquisitor--Nox,1746914074,cybersecurity,1khqnbw,mrnl6ak,"Most that data isn't that sensitive.  Kind of depends what we are talking about with medical data.  

I think at some point we lost the plot on data classification. Not to say data shouldn't be secured, but even better not to collect and store it without iron clad relevance and necessity.",1,0,1khqnbw,289,False
Echidna-Cute,1747012408,k12sysadmin,1kh4kya,mrub8sb,"PowerSchool didn't send the credit monitoring offer to more than a handful of our users.   I've lost all faith in PowerSchool, we all know that you shouldn't trust a bad actor to be anything more than that.  If they are going to steal your data, you can't trust them to be honest when they say they are going to delete it.",4,0,1kh4kya,322,False
Alternative_Data9299,1747035061,cybersecurity,1khqnbw,mrvltkk,"Not deleting data? No longer getting payments. Like with everything, your insatiable greed is your end.",1,0,1khqnbw,103,False
Sunitha_Sundar_5980,1747061192,cybersecurity,1khqnbw,mrx68bf,"Greed, whether from attackers or negligence in security ultimately hurts the people who trusted these systems the most.",1,0,mrvltkk,119,False
Sunitha_Sundar_5980,1747062547,cybersecurity,1khqnbw,mrxaql2,"I’m really sorry to hear that. It’s alarming; this needs to be a wake-up call for schools and edtech providers, the cost of getting it wrong affects real families in very real ways.",1,0,mr95y31,181,False
Sunitha_Sundar_5980,1747062630,cybersecurity,1khqnbw,mrxb0lq,"A lot of schools don’t have the budget or expertise to implement enterprise-level security, but that doesn’t make the risk any less real. It’s why partnerships with secure platforms, better oversight, and even government support for cybersecurity in education are becoming critical. Because at the end of the day, lack of funding can’t be an excuse for putting student data at risk.",1,0,mr9mr69,382,False
Sunitha_Sundar_5980,1747062663,cybersecurity,1khqnbw,mrxb4nf,"We need frameworks that aren’t just checkboxes but enforceable, transparent, and built for today’s threat landscape.",2,0,mr923oo,116,False
taker223,1747084109,pwnhub,1kiogda,mrzbmnu,How much was paid?,1,0,1kiogda,18,False
Fun_Disk5073,1747173504,ChicagoSuburbs,1kly3q5,ms622on,What are you trying to accomplish would be my first question. Def seems like a shitty situation though.,17,0,1kly3q5,103,False
Golden--,1747173662,ChicagoSuburbs,1kly3q5,ms62kpl,"You absolutely can sue but unless you can afford years of lawyers, it's probably not worth it. Out of curiosity, what school district is this?",35,0,1kly3q5,142,False
LuckyNumber3_13,1747173688,ChicagoSuburbs,1kly3q5,ms62nln,Did you find out that your district had a cyber extortion issue or are you concerned about it happening going forward? I don't know that you can sue them without injury - you may just need to use credit monitoring for now.,2,0,1kly3q5,222,False
embeester,1747174354,ChicagoSuburbs,1kly3q5,ms64p85,Fwiw if you agree to any offer (IE protection monitoring) you become exempt from any potential further litigation including civil suits.,13,0,1kly3q5,136,False
popciclecity,1747176111,ChicagoSuburbs,1kly3q5,ms69wve,"I posted to share with other parents. And I don't know what I'd accomplish by suing, really. I guess that just my conditioning as an American to yell ""lawsuit"" when I have been wronged by a corporation.",4,0,ms622on,202,True
The_Mujujuju,1747176231,ChicagoSuburbs,1kly3q5,ms6a9pd,"You can't personally sue, however their are several class action lawsuits you can join. You can easily do a websearch on what practices are filing.",6,0,1kly3q5,147,False
popciclecity,1747176283,ChicagoSuburbs,1kly3q5,ms6af7p,"SD74 in Lincolnwood. The district is apparently looking at what legal action they can take. I also learned there is a Student Online Privacy Protection Act, but it doesn't allow parents to sue the vendor directly. Just the affected school district if they can afford it or the state AG can bring action.",11,0,ms62kpl,303,False
popciclecity,1747176310,ChicagoSuburbs,1kly3q5,ms6ai2c,Thank you so much! I had not even considered that!,4,0,ms64p85,50,False
popciclecity,1747176447,ChicagoSuburbs,1kly3q5,ms6awo0,"The hacking of the data happened in December 2024. The school alerted me about it in March 2025. Today I found out our school has now been approached by what is being called a ""threat actor"" saying they want money (again) to keep the data off whatever marketplace they put it on.

I know we aren't the only family affected and that multiple school districts in the state, the US and Canada were hacked via the same vendor.",1,0,ms62nln,422,False
NotLawReview,1747177093,ChicagoSuburbs,1kly3q5,ms6cslt,"Then you sue the school. The school has a contract with the vendor, and in that contract there would be an indemnification provision (with the vendor indemnifying the school) that would cover this sort of thing (unless the school district's attorney is completely incompetent).",8,0,ms6af7p,277,False
Golden--,1747177616,ChicagoSuburbs,1kly3q5,ms6e9yx,What? Who told you that you can't sue? You absolutely can.,3,0,ms6af7p,58,False
Important-Poem-9747,1747178817,ChicagoSuburbs,1kly3q5,ms6ht6f,"PowerSchool got hacked and didn’t tell any school districts for a few weeks. There are a whole bunch in illinois. 

Look for any statements put out by your school district on this.",1,0,1kly3q5,180,False
LuckyNumber3_13,1747179528,ChicagoSuburbs,1kly3q5,ms6jx0d,"Our district was informed of the breach and provided the same  information around monitoring. Unless you have a personal impact though - I don't know that there's anything to sue for since there's no damages. I'd personally take the protection vs holding out for an incident and then trying to join a class action. As students, we weren't the client of the vendor so I don't think we have a contract with them to protect our information. You might want to just confer with a lawyer about your options. I'm sure if there's a settlement to be had, someone will be itching to represent local families.",2,0,ms6awo0,598,False
popciclecity,1747180990,ChicagoSuburbs,1kly3q5,ms6o6l4,yes. this is part of what has happened so far.,1,0,ms6ht6f,46,False
user025789,1747183509,ChicagoSuburbs,1kly3q5,ms6v7ls,"What action would you like?  I guess I'm having a hard time understanding what your specific harm is in all this.

Also- this is just unfortunately kinda the way things are now.  In the last 2-3 years I've had notices from a hospital, a dr's office, phone company twice, two stores, and a bank.",4,0,ms6af7p,294,False
popciclecity,1747186716,ChicagoSuburbs,1kly3q5,ms749aa,"I don't know that I want any specific action at this point. I don't understand your question or why you're asking it. 

I didn't say I was harmed specifically. My child's data is at issue here, not mine. I am more just processing/sharing this experience. 

I don't accept that this is just kinda the way things are now when it comes to my kid's data. My district contracted with PowerSchool and SOPPA is the state law that requires my district to keep student data safe. I guess I want to know what recourse I and other parents have besides passively accepting that it's fine for my kid's data to be scraped and then sold and/or held for ransom. 

This is a new experience for me, it is more complicated that it looks on its face and the situation keeps developing. This isn't the legal advice sub, I'm not asking anyone for anything specific. It's just a post in the Chicago Suburbs sub sharing something that happened to me, who lives in a Chicago suburb.",-3,0,ms6v7ls,957,False
mishd614,1747189233,ChicagoSuburbs,1kly3q5,ms7bf4n,Did your child’s school district store their SSN in PowerSchool?,1,0,1kly3q5,64,False
GeologistPositive,1747194004,ChicagoSuburbs,1kly3q5,ms7nozt,"What kind of data do they have? I wouldn't care if anyone knew my child failed that science test last week, but I definitely care if they have their SSN or anything important. I'd be annoyed if they have my address and phone number, but you can't do much with that alone though.",1,0,1kly3q5,278,False
Wild_Bag465,1747233381,ChicagoSuburbs,1kly3q5,ms9z8s4,"You’re going to sue the school district? This is like basically suing yourself … 

Change my view here",0,0,1kly3q5,102,False
Fun_Disk5073,1747235551,ChicagoSuburbs,1kly3q5,msa6mt4,"You would need to answer that question before you can really go any further. It seems that you're just frustrated at the moment. I would definitely pressure the school to either compensate or initiate some type of litigation or arbitration with the vendor. 

You could sue the school admin or perhaps the vendor but again you'd have to be willing to pay and see this out for years if needed.",1,0,ms69wve,391,False
popciclecity,1747241892,ChicagoSuburbs,1kly3q5,msasqjk,"I updated my post to say the current IL SOPPA law doesn't allow for private right of action against a vendor like PowerSchool. I am not asking you for legal advice or assuming you are a lawyer, just wanted to respond to you asking who told me I couldn't sue. Right now, my understanding is only the IL AG could bring action against PowerSchool on this matter.",0,0,ms6e9yx,359,False
No-Low-8614,1747254786,ChicagoSuburbs,1kly3q5,msc196c,Where did they say they were going to do that?,2,0,ms9z8s4,46,False
smerritt244,1747266884,k12sysadmin,1khu3sh,msd2gsa,A copy of the extortion email would have been great. Powerschool needs to do better about sharing information with our school districts.,1,0,1khu3sh,136,False
francophone22,1747288620,ChicagoSuburbs,1kly3q5,msekrvj,"When this happened, I emailed all the local schools’ boards that were in the breach. Not surprisingly, no one got back to me. It’s amazing how many people just shrug their shoulders and say that’s the cost of education these days. Data is the new oil. 

My kids’ data was not in this breach, but has been in other ones.

Have you gone to the school board and made some noise about it
- what they are doing and how they are going to address it in the future? The IL AG is reluctant to act on this. We’ve got to shame him into doing so by creating pressure. I think the firm Loevy & Loevy might be helpful.",1,0,1kly3q5,604,False
Lieberman-Tech,1747791128,k12sysadmin,1krlo2d,mtef7vd,Wow.  I wonder how they tracked him down!,11,0,1krlo2d,41,False
ripv2,1747792635,k12sysadmin,1krlo2d,mtejgpa,[Criminal Information](https://www.justice.gov/d9/2025-05/us_v._matthew_lane_-_information.pdf),17,0,1krlo2d,95,False
SoftxMystery,1747794009,ChicagoSuburbs,1krmm54,mten8cy,Guess someone really needed that A+ in gym class.,1,0,1krmm54,49,False
NotAPreppie,1747795772,ChicagoSuburbs,1krmm54,mtes1hk,Did I miss the part where this has anything to do with the Chicago suburbs?,2,0,1krmm54,75,False
ChicagoSuburbs-ModTeam,1747796484,ChicagoSuburbs,1krmm54,mtetxtl,"Rule 2.

Any post must be related in some way to a community or person/place from the Chicagoland suburbs. 

If you are asking about anything in the city of Chicago, check out r/AskChicago",1,0,1krmm54,188,False
mega386,1747797334,ChicagoSuburbs,1krmm54,mtew3ad,"School districts in the area use powerschool to facilitate things like registration, scheduling, bus routes, etc... it's a valid post.",1,0,mtes1hk,134,False
sy029,1747821851,k12sysadmin,1krlo2d,mtg4ngl,"My guess is that they followed the money. Bitcoin itself is anonymous, but cashing it out for real money is generally not.",1,0,mtef7vd,122,False
mwerte,1747830554,k12sysadmin,1krlo2d,mtgnhzp,Fully expected this to be an overseas crime group. Dumb kids,15,0,1krlo2d,60,False
Lieberman-Tech,1747832972,k12sysadmin,1krlo2d,mtgu6it,Me too...I was *really* surprised to hear it was some 19 year old from Massachutsetts.,3,0,mtgnhzp,86,False
vawlk,1747835232,k12sysadmin,1krlo2d,mth103g,He'll probably be pardoned and hired by DOGE.,-4,0,1krlo2d,45,True
sarge21,1747842724,k12sysadmin,1krlo2d,mthqi74,"Wait, then who sent the recent extortion attempt emails?",6,0,1krlo2d,56,False
Boonedocksbear,1747925544,k12sysadmin,1krlo2d,mtnxqfy,Must we bring politics into every sub? Its exhausting.,0,0,mth103g,54,True
vawlk,1747927740,k12sysadmin,1krlo2d,mto5ar1,it was a joke,3,0,mtnxqfy,13,True
